Postcode;City;State;;
1000;Bruxelles;Bruxelles-Capitale;;
1020;Laeken;Bruxelles-Capitale;;
1030;Schaerbeek;Bruxelles-Capitale;;
1040;Etterbeek;Bruxelles-Capitale;;
1050;Ixelles;Bruxelles-Capitale;;
1060;Saint-Gilles;Bruxelles-Capitale;;
1070;Anderlecht;Bruxelles-Capitale;;
1080;Molenbeek-Saint-Jean;Bruxelles-Capitale;;
1081;Koekelberg;Bruxelles-Capitale;;
1082;Berchem-Sainte-Agathe;Bruxelles-Capitale;;
1083;Ganshoren;Bruxelles-Capitale;;
1090;Jette;Bruxelles-Capitale;;
1120;Neder-Over-Heembeek;Bruxelles-Capitale;;
1130;Haren;Bruxelles-Capitale;;
1140;Evere;Bruxelles-Capitale;;
1150;Woluwe-Saint-Pierre;Bruxelles-Capitale;;
1160;Auderghem;Bruxelles-Capitale;;
1170;Watermael-Boitsfort;Bruxelles-Capitale;;
1180;Uccle;Bruxelles-Capitale;;
1190;Forest;Bruxelles-Capitale;;
1200;Woluwe-Saint-Lambert;Bruxelles-Capitale;;
1210;Saint-Josse-Ten-Noode;Bruxelles-Capitale;;
1300;Limal;Waals-Brabant;;
1300;Wavre;Waals-Brabant;;
1301;Bierges;Waals-Brabant;;
1310;La Hulpe;Waals-Brabant;;
1315;Glimes;Waals-Brabant;;
1315;Incourt;Waals-Brabant;;
1315;Opprebais;Waals-Brabant;;
1315;Piètrebais;Waals-Brabant;;
1315;Roux-Miroir;Waals-Brabant;;
1320;Beauvechain;Waals-Brabant;;
1320;Hamme-Mille;Waals-Brabant;;
1320;L'ecluse;Waals-Brabant;;
1320;Nodebais;Waals-Brabant;;
1320;Tourinnes-La-Grosse;Waals-Brabant;;
1325;Bonlez;Waals-Brabant;;
1325;Chaumont-Gistoux;Waals-Brabant;;
1325;Corroy-Le-Grand;Waals-Brabant;;
1325;Dion-Valmont;Waals-Brabant;;
1325;Longueville;Waals-Brabant;;
1330;Rixensart;Waals-Brabant;;
1331;Rosières;Waals-Brabant;;
1332;Genval;Waals-Brabant;;
1340;Ottignies;Waals-Brabant;;
1340;Ottignies-Louvain-La-Neuve;Waals-Brabant;;
1341;Céroux-Mousty;Waals-Brabant;;
1342;Limelette;Waals-Brabant;;
1348;Louvain-La-Neuve;Waals-Brabant;;
1350;Enines;Waals-Brabant;;
1350;Folx-Les-Caves;Waals-Brabant;;
1350;Jandrain-Jandrenouille;Waals-Brabant;;
1350;Jauche;Waals-Brabant;;
1350;Marilles;Waals-Brabant;;
1350;Noduwez;Waals-Brabant;;
1350;Orp-Jauche;Waals-Brabant;;
1350;Orp-Le-Grand;Waals-Brabant;;
1357;Hélécine;Waals-Brabant;;
1357;Linsmeau;Waals-Brabant;;
1357;Neerheylissem;Waals-Brabant;;
1357;Opheylissem;Waals-Brabant;;
1360;Malèves-Sainte-Marie-Wastines;Waals-Brabant;;
1360;Orbais;Waals-Brabant;;
1360;Perwez;Waals-Brabant;;
1360;Thorembais-Les-Béguines;Waals-Brabant;;
1360;Thorembais-Saint-Trond;Waals-Brabant;;
1367;Autre-Eglise;Waals-Brabant;;
1367;Bomal;Waals-Brabant;;
1367;Gérompont;Waals-Brabant;;
1367;Grand-Rosière-Hottomont;Waals-Brabant;;
1367;Huppaye;Waals-Brabant;;
1367;Mont-Saint-André;Waals-Brabant;;
1367;Ramillies;Waals-Brabant;;
1370;Dongelberg;Waals-Brabant;;
1370;Jauchelette;Waals-Brabant;;
1370;Jodoigne;Waals-Brabant;;
1370;Jodoigne-Souveraine;Waals-Brabant;;
1370;Lathuy;Waals-Brabant;;
1370;Mélin;Waals-Brabant;;
1370;Piétrain;Waals-Brabant;;
1370;Saint-Jean-Geest;Waals-Brabant;;
1370;Saint-Remy-Geest;Waals-Brabant;;
1370;Zétrud-Lumay;Waals-Brabant;;
1380;Couture-Saint-Germain;Waals-Brabant;;
1380;Lasne;Waals-Brabant;;
1380;Lasne-Chapelle-Saint-Lambert;Waals-Brabant;;
1380;Maransart;Waals-Brabant;;
1380;Ohain;Waals-Brabant;;
1380;Plancenoit;Waals-Brabant;;
1390;Archennes;Waals-Brabant;;
1390;Biez;Waals-Brabant;;
1390;Bossut-Gottechain;Waals-Brabant;;
1390;Grez-Doiceau;Waals-Brabant;;
1390;Nethen;Waals-Brabant;;
1400;Monstreux;Waals-Brabant;;
1400;Nivelles;Waals-Brabant;;
1401;Baulers;Waals-Brabant;;
1402;Thines;Waals-Brabant;;
1404;Bornival;Waals-Brabant;;
1410;Waterloo;Waals-Brabant;;
1420;Braine-L'alleud;Waals-Brabant;;
1421;Ophain-Bois-Seigneur-Isaac;Waals-Brabant;;
1428;Lillois-Witterzée;Waals-Brabant;;
1430;Bierghes;Waals-Brabant;;
1430;Quenast;Waals-Brabant;;
1430;Rebecq;Waals-Brabant;;
1430;Rebecq-Rognon;Waals-Brabant;;
1435;Corbais;Waals-Brabant;;
1435;Hévillers;Waals-Brabant;;
1435;Mont-Saint-Guibert;Waals-Brabant;;
1440;Braine-Le-Château;Waals-Brabant;;
1440;Wauthier-Braine;Waals-Brabant;;
1450;Chastre;Waals-Brabant;;
1450;Chastre-Villeroux-Blanmont;Waals-Brabant;;
1450;Cortil-Noirmont;Waals-Brabant;;
1450;Gentinnes;Waals-Brabant;;
1450;Saint-Géry;Waals-Brabant;;
1457;Nil-Saint-Vincent-Saint-Martin;Waals-Brabant;;
1457;Tourinnes-Saint-Lambert;Waals-Brabant;;
1457;Walhain;Waals-Brabant;;
1457;Walhain-Saint-Paul;Waals-Brabant;;
1460;Ittre;Waals-Brabant;;
1460;Virginal-Samme;Waals-Brabant;;
1461;Haut-Ittre;Waals-Brabant;;
1470;Baisy-Thy;Waals-Brabant;;
1470;Bousval;Waals-Brabant;;
1470;Genappe;Waals-Brabant;;
1471;Loupoigne;Waals-Brabant;;
1472;Vieux-Genappe;Waals-Brabant;;
1473;Glabais;Waals-Brabant;;
1474;Ways;Waals-Brabant;;
1476;Houtain-Le-Val;Waals-Brabant;;
1480;Clabecq;Waals-Brabant;;
1480;Oisquercq;Waals-Brabant;;
1480;Saintes;Waals-Brabant;;
1480;Tubize;Waals-Brabant;;
1490;Court-Saint-Etienne;Waals-Brabant;;
1495;Marbais;Waals-Brabant;;
1495;Mellery;Waals-Brabant;;
1495;Sart-Dames-Avelines;Waals-Brabant;;
1495;Tilly;Waals-Brabant;;
1495;Villers-La-Ville;Waals-Brabant;;
1500;Halle;Vlaams-Brabant;;
1501;Buizingen;Vlaams-Brabant;;
1502;Lembeek;Vlaams-Brabant;;
1540;Herfelingen;Vlaams-Brabant;;
1540;Herne;Vlaams-Brabant;;
1541;Sint-Pieters-Kapelle;Vlaams-Brabant;;
1547;Biévène;Vlaams-Brabant;;
1560;Hoeilaart;Vlaams-Brabant;;
1570;Galmaarden;Vlaams-Brabant;;
1570;Tollembeek;Vlaams-Brabant;;
1570;Vollezele;Vlaams-Brabant;;
1600;Oudenaken;Vlaams-Brabant;;
1600;Sint-Laureins-Berchem;Vlaams-Brabant;;
1600;Sint-Pieters-Leeuw;Vlaams-Brabant;;
1601;Ruisbroek;Vlaams-Brabant;;
1602;Vlezenbeek;Vlaams-Brabant;;
1620;Drogenbos;Vlaams-Brabant;;
1630;Linkebeek;Vlaams-Brabant;;
1640;Rhode-Saint-Genèse;Vlaams-Brabant;;
1650;Beersel;Vlaams-Brabant;;
1651;Lot;Vlaams-Brabant;;
1652;Alsemberg;Vlaams-Brabant;;
1653;Dworp;Vlaams-Brabant;;
1654;Huizingen;Vlaams-Brabant;;
1670;Bogaarden;Vlaams-Brabant;;
1670;Heikruis;Vlaams-Brabant;;
1670;Pepingen;Vlaams-Brabant;;
1671;Elingen;Vlaams-Brabant;;
1673;Beert;Vlaams-Brabant;;
1674;Bellingen;Vlaams-Brabant;;
1700;Dilbeek;Vlaams-Brabant;;
1700;Sint-Martens-Bodegem;Vlaams-Brabant;;
1700;Sint-Ulriks-Kapelle;Vlaams-Brabant;;
1701;Itterbeek;Vlaams-Brabant;;
1702;Groot-Bijgaarden;Vlaams-Brabant;;
1703;Schepdaal;Vlaams-Brabant;;
1730;Asse;Vlaams-Brabant;;
1730;Bekkerzeel;Vlaams-Brabant;;
1730;Kobbegem;Vlaams-Brabant;;
1730;Mollem;Vlaams-Brabant;;
1731;Relegem;Vlaams-Brabant;;
1731;Zellik;Vlaams-Brabant;;
1740;Ternat;Vlaams-Brabant;;
1741;Wambeek;Vlaams-Brabant;;
1742;Sint-Katherina-Lombeek;Vlaams-Brabant;;
1745;Mazenzele;Vlaams-Brabant;;
1745;Opwijk;Vlaams-Brabant;;
1750;Gaasbeek;Vlaams-Brabant;;
1750;Lennik;Vlaams-Brabant;;
1750;Sint-Kwintens-Lennik;Vlaams-Brabant;;
1750;Sint-Martens-Lennik;Vlaams-Brabant;;
1755;Gooik;Vlaams-Brabant;;
1755;Kester;Vlaams-Brabant;;
1755;Leerbeek;Vlaams-Brabant;;
1755;Oetingen;Vlaams-Brabant;;
1760;Onze-Lieve-Vrouw-Lombeek;Vlaams-Brabant;;
1760;Pamel;Vlaams-Brabant;;
1760;Roosdaal;Vlaams-Brabant;;
1760;Strijtem;Vlaams-Brabant;;
1761;Borchtlombeek;Vlaams-Brabant;;
1770;Liedekerke;Vlaams-Brabant;;
1780;Wemmel;Vlaams-Brabant;;
1785;Brussegem;Vlaams-Brabant;;
1785;Hamme;Vlaams-Brabant;;
1785;Merchtem;Vlaams-Brabant;;
1790;Affligem;Vlaams-Brabant;;
1790;Essene;Vlaams-Brabant;;
1790;Hekelgem;Vlaams-Brabant;;
1790;Teralfene;Vlaams-Brabant;;
1800;Peutie;Vlaams-Brabant;;
1800;Vilvoorde;Vlaams-Brabant;;
1820;Melsbroek;Vlaams-Brabant;;
1820;Perk;Vlaams-Brabant;;
1820;Steenokkerzeel;Vlaams-Brabant;;
1830;Machelen;Vlaams-Brabant;;
1831;Diegem;Vlaams-Brabant;;
1840;Londerzeel;Vlaams-Brabant;;
1840;Malderen;Vlaams-Brabant;;
1840;Steenhuffel;Vlaams-Brabant;;
1850;Grimbergen;Vlaams-Brabant;;
1851;Humbeek;Vlaams-Brabant;;
1852;Beigem;Vlaams-Brabant;;
1853;Strombeek-Bever;Vlaams-Brabant;;
1860;Meise;Vlaams-Brabant;;
1861;Wolvertem;Vlaams-Brabant;;
1880;Kapelle-Op-Den-Bos;Vlaams-Brabant;;
1880;Nieuwenrode;Vlaams-Brabant;;
1880;Ramsdonk;Vlaams-Brabant;;
1910;Berg;Vlaams-Brabant;;
1910;Buken;Vlaams-Brabant;;
1910;Kampenhout;Vlaams-Brabant;;
1910;Nederokkerzeel;Vlaams-Brabant;;
1930;Nossegem;Vlaams-Brabant;;
1930;Zaventem;Vlaams-Brabant;;
1932;Sint-Stevens-Woluwe;Vlaams-Brabant;;
1933;Sterrebeek;Vlaams-Brabant;;
1950;Kraainem;Vlaams-Brabant;;
1970;Wezembeek-Oppem;Vlaams-Brabant;;
1980;Eppegem;Vlaams-Brabant;;
1980;Zemst;Vlaams-Brabant;;
1981;Hofstade;Vlaams-Brabant;;
1982;Elewijt;Vlaams-Brabant;;
1982;Weerde;Vlaams-Brabant;;
2000;Antwerpen;Antwerpen;;
2018;Antwerpen;Antwerpen;;
2020;Antwerpen;Antwerpen;;
2030;Antwerpen;Antwerpen;;
2040;Antwerpen;Antwerpen;;
2040;Berendrecht;Antwerpen;;
2040;Lillo;Antwerpen;;
2040;Zandvliet;Antwerpen;;
2050;Antwerpen;Antwerpen;;
2060;Antwerpen;Antwerpen;;
2070;Burcht;Antwerpen;;
2070;Zwijndrecht;Antwerpen;;
2100;Deurne;Antwerpen;;
2110;Wijnegem;Antwerpen;;
2140;Borgerhout;Antwerpen;;
2150;Borsbeek;Antwerpen;;
2160;Wommelgem;Antwerpen;;
2170;Merksem;Antwerpen;;
2180;Ekeren;Antwerpen;;
2200;Herentals;Antwerpen;;
2200;Morkhoven;Antwerpen;;
2200;Noorderwijk;Antwerpen;;
2220;Hallaar;Antwerpen;;
2220;Heist-Op-Den-Berg;Antwerpen;;
2221;Booischot;Antwerpen;;
2222;Itegem;Antwerpen;;
2222;Wiekevorst;Antwerpen;;
2223;Schriek;Antwerpen;;
2230;Herselt;Antwerpen;;
2230;Ramsel;Antwerpen;;
2235;Houtvenne;Antwerpen;;
2235;Hulshout;Antwerpen;;
2235;Westmeerbeek;Antwerpen;;
2240;Massenhoven;Antwerpen;;
2240;Viersel;Antwerpen;;
2240;Zandhoven;Antwerpen;;
2242;Pulderbos;Antwerpen;;
2243;Pulle;Antwerpen;;
2250;Olen;Antwerpen;;
2260;Oevel;Antwerpen;;
2260;Tongerlo;Antwerpen;;
2260;Westerlo;Antwerpen;;
2260;Zoerle-Parwijs;Antwerpen;;
2270;Herenthout;Antwerpen;;
2275;Gierle;Antwerpen;;
2275;Lille;Antwerpen;;
2275;Poederlee;Antwerpen;;
2275;Wechelderzande;Antwerpen;;
2280;Grobbendonk;Antwerpen;;
2288;Bouwel;Antwerpen;;
2290;Vorselaar;Antwerpen;;
2300;Turnhout;Antwerpen;;
2310;Rijkevorsel;Antwerpen;;
2320;Hoogstraten;Antwerpen;;
2321;Meer;Antwerpen;;
2322;Minderhout;Antwerpen;;
2323;Wortel;Antwerpen;;
2328;Meerle;Antwerpen;;
2330;Merksplas;Antwerpen;;
2340;Beerse;Antwerpen;;
2340;Vlimmeren;Antwerpen;;
2350;Vosselaar;Antwerpen;;
2360;Oud-Turnhout;Antwerpen;;
2370;Arendonk;Antwerpen;;
2380;Ravels;Antwerpen;;
2381;Weelde;Antwerpen;;
2382;Poppel;Antwerpen;;
2387;Baarle-Hertog;Antwerpen;;
2390;Malle;Antwerpen;;
2390;Oostmalle;Antwerpen;;
2390;Westmalle;Antwerpen;;
2400;Mol;Antwerpen;;
2430;Eindhout;Antwerpen;;
2430;Laakdal;Antwerpen;;
2430;Vorst;Antwerpen;;
2431;Varendonk;Antwerpen;;
2431;Veerle;Antwerpen;;
2440;Geel;Antwerpen;;
2450;Meerhout;Antwerpen;;
2460;Kasterlee;Antwerpen;;
2460;Lichtaart;Antwerpen;;
2460;Tielen;Antwerpen;;
2470;Retie;Antwerpen;;
2480;Dessel;Antwerpen;;
2490;Balen;Antwerpen;;
2491;Olmen;Antwerpen;;
2500;Koningshooikt;Antwerpen;;
2500;Lier;Antwerpen;;
2520;Broechem;Antwerpen;;
2520;Emblem;Antwerpen;;
2520;Oelegem;Antwerpen;;
2520;Ranst;Antwerpen;;
2530;Boechout;Antwerpen;;
2531;Vremde;Antwerpen;;
2540;Hove;Antwerpen;;
2547;Lint;Antwerpen;;
2550;Kontich;Antwerpen;;
2550;Waarloos;Antwerpen;;
2560;Bevel;Antwerpen;;
2560;Kessel;Antwerpen;;
2560;Nijlen;Antwerpen;;
2570;Duffel;Antwerpen;;
2580;Beerzel;Antwerpen;;
2580;Putte;Antwerpen;;
2590;Berlaar;Antwerpen;;
2590;Gestel;Antwerpen;;
2600;Berchem;Antwerpen;;
2610;Wilrijk;Antwerpen;;
2620;Hemiksem;Antwerpen;;
2627;Schelle;Antwerpen;;
2630;Aartselaar;Antwerpen;;
2640;Mortsel;Antwerpen;;
2650;Edegem;Antwerpen;;
2660;Hoboken;Antwerpen;;
2800;Mechelen;Antwerpen;;
2800;Walem;Antwerpen;;
2801;Heffen;Antwerpen;;
2811;Hombeek;Antwerpen;;
2811;Leest;Antwerpen;;
2812;Muizen;Antwerpen;;
2820;Bonheiden;Antwerpen;;
2820;Rijmenam;Antwerpen;;
2830;Blaasveld;Antwerpen;;
2830;Heindonk;Antwerpen;;
2830;Tisselt;Antwerpen;;
2830;Willebroek;Antwerpen;;
2840;Reet;Antwerpen;;
2840;Rumst;Antwerpen;;
2840;Terhagen;Antwerpen;;
2845;Niel;Antwerpen;;
2850;Boom;Antwerpen;;
2860;Sint-Katelijne-Waver;Antwerpen;;
2861;Onze-Lieve-Vrouw-Waver;Antwerpen;;
2870;Breendonk;Antwerpen;;
2870;Liezele;Antwerpen;;
2870;Puurs;Antwerpen;;
2870;Ruisbroek;Antwerpen;;
2880;Bornem;Antwerpen;;
2880;Hingene;Antwerpen;;
2880;Mariekerke;Antwerpen;;
2880;Weert;Antwerpen;;
2890;Lippelo;Antwerpen;;
2890;Oppuurs;Antwerpen;;
2890;Sint-Amands;Antwerpen;;
2900;Schoten;Antwerpen;;
2910;Essen;Antwerpen;;
2920;Kalmthout;Antwerpen;;
2930;Brasschaat;Antwerpen;;
2940;Hoevenen;Antwerpen;;
2940;Stabroek;Antwerpen;;
2950;Kapellen;Antwerpen;;
2960;Brecht;Antwerpen;;
2960;Sint-Job-In-'t-Goor;Antwerpen;;
2960;Sint-Lenaarts;Antwerpen;;
2970;'s Gravenwezel;Antwerpen;;
2970;Schilde;Antwerpen;;
2980;Halle;Antwerpen;;
2980;Zoersel;Antwerpen;;
2990;Loenhout;Antwerpen;;
2990;Wuustwezel;Antwerpen;;
3000;Leuven;Vlaams-Brabant;;
3001;Heverlee;Vlaams-Brabant;;
3010;Kessel Lo;Vlaams-Brabant;;
3012;Wilsele;Vlaams-Brabant;;
3018;Wijgmaal;Vlaams-Brabant;;
3020;Herent;Vlaams-Brabant;;
3020;Veltem-Beisem;Vlaams-Brabant;;
3020;Winksele;Vlaams-Brabant;;
3040;Huldenberg;Vlaams-Brabant;;
3040;Loonbeek;Vlaams-Brabant;;
3040;Neerijse;Vlaams-Brabant;;
3040;Ottenburg;Vlaams-Brabant;;
3040;Sint-Agatha-Rode;Vlaams-Brabant;;
3050;Oud-Heverlee;Vlaams-Brabant;;
3051;Sint-Joris-Weert;Vlaams-Brabant;;
3052;Blanden;Vlaams-Brabant;;
3053;Haasrode;Vlaams-Brabant;;
3054;Vaalbeek;Vlaams-Brabant;;
3060;Bertem;Vlaams-Brabant;;
3060;Korbeek-Dijle;Vlaams-Brabant;;
3061;Leefdaal;Vlaams-Brabant;;
3070;Kortenberg;Vlaams-Brabant;;
3071;Erps-Kwerps;Vlaams-Brabant;;
3078;Everberg;Vlaams-Brabant;;
3078;Meerbeek;Vlaams-Brabant;;
3080;Duisburg;Vlaams-Brabant;;
3080;Tervuren;Vlaams-Brabant;;
3080;Vossem;Vlaams-Brabant;;
3090;Overijse;Vlaams-Brabant;;
3110;Rotselaar;Vlaams-Brabant;;
3111;Wezemaal;Vlaams-Brabant;;
3118;Werchter;Vlaams-Brabant;;
3120;Tremelo;Vlaams-Brabant;;
3128;Baal;Vlaams-Brabant;;
3130;Begijnendijk;Vlaams-Brabant;;
3130;Betekom;Vlaams-Brabant;;
3140;Keerbergen;Vlaams-Brabant;;
3150;Haacht;Vlaams-Brabant;;
3150;Tildonk;Vlaams-Brabant;;
3150;Wespelaar;Vlaams-Brabant;;
3190;Boortmeerbeek;Vlaams-Brabant;;
3191;Hever;Vlaams-Brabant;;
3200;Aarschot;Vlaams-Brabant;;
3200;Gelrode;Vlaams-Brabant;;
3201;Langdorp;Vlaams-Brabant;;
3202;Rillaar;Vlaams-Brabant;;
3210;Linden;Vlaams-Brabant;;
3210;Lubbeek;Vlaams-Brabant;;
3211;Binkom;Vlaams-Brabant;;
3212;Pellenberg;Vlaams-Brabant;;
3220;Holsbeek;Vlaams-Brabant;;
3220;Kortrijk-Dutsel;Vlaams-Brabant;;
3220;Sint-Pieters-Rode;Vlaams-Brabant;;
3221;Nieuwrode;Vlaams-Brabant;;
3270;Scherpenheuvel;Vlaams-Brabant;;
3270;Scherpenheuvel-Zichem;Vlaams-Brabant;;
3271;Averbode;Vlaams-Brabant;;
3271;Zichem;Vlaams-Brabant;;
3272;Messelbroek;Vlaams-Brabant;;
3272;Testelt;Vlaams-Brabant;;
3290;Deurne;Vlaams-Brabant;;
3290;Diest;Vlaams-Brabant;;
3290;Schaffen;Vlaams-Brabant;;
3290;Webbekom;Vlaams-Brabant;;
3293;Kaggevinne;Vlaams-Brabant;;
3294;Molenstede;Vlaams-Brabant;;
3300;Bost;Vlaams-Brabant;;
3300;Goetsenhoven;Vlaams-Brabant;;
3300;Hakendover;Vlaams-Brabant;;
3300;Kumtich;Vlaams-Brabant;;
3300;Oorbeek;Vlaams-Brabant;;
3300;Oplinter;Vlaams-Brabant;;
3300;Sint-Margriete-Houtem;Vlaams-Brabant;;
3300;Tienen;Vlaams-Brabant;;
3300;Vissenaken;Vlaams-Brabant;;
3320;Hoegaarden;Vlaams-Brabant;;
3320;Meldert;Vlaams-Brabant;;
3321;Outgaarden;Vlaams-Brabant;;
3350;Drieslinter;Vlaams-Brabant;;
3350;Linter;Vlaams-Brabant;;
3350;Melkwezer;Vlaams-Brabant;;
3350;Neerhespen;Vlaams-Brabant;;
3350;Neerlinter;Vlaams-Brabant;;
3350;Orsmaal-Gussenhoven;Vlaams-Brabant;;
3350;Overhespen;Vlaams-Brabant;;
3350;Wommersom;Vlaams-Brabant;;
3360;Bierbeek;Vlaams-Brabant;;
3360;Korbeek-Lo;Vlaams-Brabant;;
3360;Lovenjoel;Vlaams-Brabant;;
3360;Opvelp;Vlaams-Brabant;;
3370;Boutersem;Vlaams-Brabant;;
3370;Kerkom;Vlaams-Brabant;;
3370;Neervelp;Vlaams-Brabant;;
3370;Roosbeek;Vlaams-Brabant;;
3370;Vertrijk;Vlaams-Brabant;;
3370;Willebringen;Vlaams-Brabant;;
3380;Bunsbeek;Vlaams-Brabant;;
3380;Glabbeek;Vlaams-Brabant;;
3381;Kapellen;Vlaams-Brabant;;
3384;Attenrode;Vlaams-Brabant;;
3390;Houwaart;Vlaams-Brabant;;
3390;Sint-Joris-Winge;Vlaams-Brabant;;
3390;Tielt;Vlaams-Brabant;;
3390;Tielt-Winge;Vlaams-Brabant;;
3391;Meensel-Kiezegem;Vlaams-Brabant;;
3400;Eliksem;Vlaams-Brabant;;
3400;Ezemaal;Vlaams-Brabant;;
3400;Laar;Vlaams-Brabant;;
3400;Landen;Vlaams-Brabant;;
3400;Neerwinden;Vlaams-Brabant;;
3400;Overwinden;Vlaams-Brabant;;
3400;Rumsdorp;Vlaams-Brabant;;
3400;Wange;Vlaams-Brabant;;
3401;Waasmont;Vlaams-Brabant;;
3401;Walsbets;Vlaams-Brabant;;
3401;Walshoutem;Vlaams-Brabant;;
3401;Wezeren;Vlaams-Brabant;;
3404;Attenhoven;Vlaams-Brabant;;
3404;Neerlanden;Vlaams-Brabant;;
3440;Budingen;Vlaams-Brabant;;
3440;Dormaal;Vlaams-Brabant;;
3440;Halle-Booienhoven;Vlaams-Brabant;;
3440;Helen-Bos;Vlaams-Brabant;;
3440;Zoutleeuw;Vlaams-Brabant;;
3450;Geetbets;Vlaams-Brabant;;
3450;Grazen;Vlaams-Brabant;;
3454;Rummen;Vlaams-Brabant;;
3460;Assent;Vlaams-Brabant;;
3460;Bekkevoort;Vlaams-Brabant;;
3461;Molenbeek-Wersbeek;Vlaams-Brabant;;
3470;Kortenaken;Vlaams-Brabant;;
3470;Ransberg;Vlaams-Brabant;;
3470;Sint-Margriete-Houtem;Vlaams-Brabant;;
3471;Hoeleden;Vlaams-Brabant;;
3472;Kersbeek-Miskom;Vlaams-Brabant;;
3473;Waanrode;Vlaams-Brabant;;
3500;Hasselt;Limburg;;
3500;Sint-Lambrechts-Herk;Limburg;;
3501;Wimmertingen;Limburg;;
3510;Kermt;Limburg;;
3510;Spalbeek;Limburg;;
3511;Kuringen;Limburg;;
3511;Stokrooie;Limburg;;
3512;Stevoort;Limburg;;
3520;Zonhoven;Limburg;;
3530;Helchteren;Limburg;;
3530;Houthalen;Limburg;;
3530;Houthalen-Helchteren;Limburg;;
3540;Berbroek;Limburg;;
3540;Donk;Limburg;;
3540;Herk-De-Stad;Limburg;;
3540;Schulen;Limburg;;
3545;Halen;Limburg;;
3545;Loksbergen;Limburg;;
3545;Zelem;Limburg;;
3550;Heusden;Limburg;;
3550;Heusden-Zolder;Limburg;;
3550;Zolder;Limburg;;
3560;Linkhout;Limburg;;
3560;Lummen;Limburg;;
3560;Meldert;Limburg;;
3570;Alken;Limburg;;
3580;Beringen;Limburg;;
3581;Beverlo;Limburg;;
3582;Koersel;Limburg;;
3583;Paal;Limburg;;
3590;Diepenbeek;Limburg;;
3600;Genk;Limburg;;
3620;Gellik;Limburg;;
3620;Lanaken;Limburg;;
3620;Neerharen;Limburg;;
3620;Veldwezelt;Limburg;;
3621;Rekem;Limburg;;
3630;Eisden;Limburg;;
3630;Leut;Limburg;;
3630;Maasmechelen;Limburg;;
3630;Mechelen-Aan-De-Maas;Limburg;;
3630;Meeswijk;Limburg;;
3630;Opgrimbie;Limburg;;
3630;Vucht;Limburg;;
3631;Boorsem;Limburg;;
3631;Uikhoven;Limburg;;
3640;Kessenich;Limburg;;
3640;Kinrooi;Limburg;;
3640;Molenbeersel;Limburg;;
3640;Ophoven;Limburg;;
3650;Dilsen;Limburg;;
3650;Dilsen-Stokkem;Limburg;;
3650;Elen;Limburg;;
3650;Lanklaar;Limburg;;
3650;Rotem;Limburg;;
3650;Stokkem;Limburg;;
3660;Opglabbeek;Limburg;;
3665;As;Limburg;;
3668;Niel-Bij-As;Limburg;;
3670;Ellikom;Limburg;;
3670;Gruitrode;Limburg;;
3670;Meeuwen;Limburg;;
3670;Meeuwen-Gruitrode;Limburg;;
3670;Neerglabbeek;Limburg;;
3670;Wijshagen;Limburg;;
3680;Maaseik;Limburg;;
3680;Neeroeteren;Limburg;;
3680;Opoeteren;Limburg;;
3690;Zutendaal;Limburg;;
3700;'s Herenelderen;Limburg;;
3700;Berg;Limburg;;
3700;Diets-Heur;Limburg;;
3700;Haren;Limburg;;
3700;Henis;Limburg;;
3700;Kolmont;Limburg;;
3700;Koninksem;Limburg;;
3700;Lauw;Limburg;;
3700;Mal;Limburg;;
3700;Neerrepen;Limburg;;
3700;Nerem;Limburg;;
3700;Overrepen;Limburg;;
3700;Piringen;Limburg;;
3700;Riksingen;Limburg;;
3700;Rutten;Limburg;;
3700;Sluizen;Limburg;;
3700;Tongeren;Limburg;;
3700;Vreren;Limburg;;
3700;Widooie;Limburg;;
3717;Herstappe;Limburg;;
3720;Kortessem;Limburg;;
3721;Vliermaalroot;Limburg;;
3722;Wintershoven;Limburg;;
3723;Guigoven;Limburg;;
3724;Vliermaal;Limburg;;
3730;Hoeselt;Limburg;;
3730;Romershoven;Limburg;;
3730;Sint-Huibrechts-Hern;Limburg;;
3730;Werm;Limburg;;
3732;Schalkhoven;Limburg;;
3740;Beverst;Limburg;;
3740;Bilzen;Limburg;;
3740;Eigenbilzen;Limburg;;
3740;Grote-Spouwen;Limburg;;
3740;Hees;Limburg;;
3740;Kleine-Spouwen;Limburg;;
3740;Mopertingen;Limburg;;
3740;Munsterbilzen;Limburg;;
3740;Rijkhoven;Limburg;;
3740;Rosmeer;Limburg;;
3740;Waltwilder;Limburg;;
3742;Martenslinde;Limburg;;
3746;Hoelbeek;Limburg;;
3770;Genoelselderen;Limburg;;
3770;Herderen;Limburg;;
3770;Kanne;Limburg;;
3770;Membruggen;Limburg;;
3770;Millen;Limburg;;
3770;Riemst;Limburg;;
3770;Val-Meer;Limburg;;
3770;Vlijtingen;Limburg;;
3770;Vroenhoven;Limburg;;
3770;Zichen-Zussen-Bolder;Limburg;;
3790;Fouron-Saint-Martin;Limburg;;
3790;Fourons;Limburg;;
3790;Mouland;Limburg;;
3791;Remersdaal;Limburg;;
3792;Fouron-Saint-Pierre;Limburg;;
3793;Teuven;Limburg;;
3798;Fouron-Le-Comte;Limburg;;
3800;Aalst;Limburg;;
3800;Brustem;Limburg;;
3800;Engelmanshoven;Limburg;;
3800;Gelinden;Limburg;;
3800;Groot-Gelmen;Limburg;;
3800;Halmaal;Limburg;;
3800;Kerkom-Bij-Sint-Truiden;Limburg;;
3800;Ordingen;Limburg;;
3800;Sint-Truiden;Limburg;;
3800;Zepperen;Limburg;;
3803;Duras;Limburg;;
3803;Gorsem;Limburg;;
3803;Runkelen;Limburg;;
3803;Wilderen;Limburg;;
3806;Velm;Limburg;;
3830;Berlingen;Limburg;;
3830;Wellen;Limburg;;
3831;Herten;Limburg;;
3832;Ulbeek;Limburg;;
3840;Bommershoven;Limburg;;
3840;Borgloon;Limburg;;
3840;Broekom;Limburg;;
3840;Gors-Opleeuw;Limburg;;
3840;Gotem;Limburg;;
3840;Groot-Loon;Limburg;;
3840;Haren;Limburg;;
3840;Hendrieken;Limburg;;
3840;Hoepertingen;Limburg;;
3840;Jesseren;Limburg;;
3840;Kerniel;Limburg;;
3840;Kolmont;Limburg;;
3840;Kuttekoven;Limburg;;
3840;Rijkel;Limburg;;
3840;Voort;Limburg;;
3850;Binderveld;Limburg;;
3850;Kozen;Limburg;;
3850;Nieuwerkerken;Limburg;;
3850;Wijer;Limburg;;
3870;Batsheers;Limburg;;
3870;Bovelingen;Limburg;;
3870;Heers;Limburg;;
3870;Heks;Limburg;;
3870;Horpmaal;Limburg;;
3870;Klein-Gelmen;Limburg;;
3870;Mechelen-Bovelingen;Limburg;;
3870;Mettekoven;Limburg;;
3870;Opheers;Limburg;;
3870;Rukkelingen-Loon;Limburg;;
3870;Vechmaal;Limburg;;
3870;Veulen;Limburg;;
3890;Boekhout;Limburg;;
3890;Gingelom;Limburg;;
3890;Jeuk;Limburg;;
3890;Kortijs;Limburg;;
3890;Montenaken;Limburg;;
3890;Niel-Bij-Sint-Truiden;Limburg;;
3890;Vorsen;Limburg;;
3891;Borlo;Limburg;;
3891;Buvingen;Limburg;;
3891;Mielen-Boven-Aalst;Limburg;;
3891;Muizen;Limburg;;
3900;Overpelt;Limburg;;
3910;Neerpelt;Limburg;;
3910;Sint-Huibrechts-Lille;Limburg;;
3920;Lommel;Limburg;;
3930;Achel;Limburg;;
3930;Hamont;Limburg;;
3930;Hamont-Achel;Limburg;;
3940;Hechtel;Limburg;;
3940;Hechtel-Eksel;Limburg;;
3941;Eksel;Limburg;;
3945;Ham;Limburg;;
3945;Kwaadmechelen;Limburg;;
3945;Oostham;Limburg;;
3950;Bocholt;Limburg;;
3950;Kaulille;Limburg;;
3950;Reppel;Limburg;;
3960;Beek;Limburg;;
3960;Bree;Limburg;;
3960;Gerdingen;Limburg;;
3960;Opitter;Limburg;;
3960;Tongerlo;Limburg;;
3970;Leopoldsburg;Limburg;;
3971;Heppen;Limburg;;
3980;Tessenderlo;Limburg;;
3990;Grote-Brogel;Limburg;;
3990;Kleine-Brogel;Limburg;;
3990;Peer;Limburg;;
3990;Wijchmaal;Limburg;;
4000;Glain;Liège;;
4000;Liège;Liège;;
4000;Rocourt;Liège;;
4020;Bressoux;Liège;;
4020;Jupille-Sur-Meuse;Liège;;
4020;Liège;Liège;;
4020;Wandre;Liège;;
4030;Grivegnee;Liège;;
4031;Angleur;Liège;;
4032;Chênee;Liège;;
4040;Herstal;Liège;;
4041;Milmort;Liège;;
4041;Vottem;Liège;;
4042;Liers;Liège;;
4050;Chaudfontaine;Liège;;
4051;Vaux-Sous-Chèvremont;Liège;;
4052;Beaufays;Liège;;
4053;Embourg;Liège;;
4100;Boncelles;Liège;;
4100;Seraing;Liège;;
4101;Jemeppe-Sur-Meuse;Liège;;
4102;Ougrée;Liège;;
4120;Ehein;Liège;;
4120;Neupré;Liège;;
4120;Rotheux-Rimière;Liège;;
4121;Neuville-En-Condroz;Liège;;
4122;Plainevaux;Liège;;
4130;Esneux;Liège;;
4130;Tilff;Liège;;
4140;Dolembreux;Liège;;
4140;Gomzé-Andoumont;Liège;;
4140;Rouvreux;Liège;;
4140;Sprimont;Liège;;
4141;Louveigné;Liège;;
4160;Anthisnes;Liège;;
4161;Villers-Aux-Tours;Liège;;
4162;Hody;Liège;;
4163;Tavier;Liège;;
4170;Comblain-Au-Pont;Liège;;
4171;Poulseur;Liège;;
4180;Comblain-Fairon;Liège;;
4180;Comblain-La-Tour;Liège;;
4180;Hamoir;Liège;;
4181;Filot;Liège;;
4190;Ferrières;Liège;;
4190;My;Liège;;
4190;Vieuxville;Liège;;
4190;Werbomont;Liège;;
4190;Xhoris;Liège;;
4210;Burdinne;Liège;;
4210;Hannêche;Liège;;
4210;Lamontzée;Liège;;
4210;Marneffe;Liège;;
4210;Oteppe;Liège;;
4217;Héron;Liège;;
4217;Lavoir;Liège;;
4217;Waret-L'evêque;Liège;;
4218;Couthuin;Liège;;
4219;Acosse;Liège;;
4219;Ambresin;Liège;;
4219;Meeffe;Liège;;
4219;Wasseiges;Liège;;
4250;Boëlhe;Liège;;
4250;Geer;Liège;;
4250;Hollogne-Sur-Geer;Liège;;
4250;Lens-Saint-Servais;Liège;;
4252;Omal;Liège;;
4253;Darion;Liège;;
4254;Ligney;Liège;;
4257;Berloz;Liège;;
4257;Corswarem;Liège;;
4260;Avennes;Liège;;
4260;Braives;Liège;;
4260;Ciplet;Liège;;
4260;Fallais;Liège;;
4260;Fumal;Liège;;
4260;Ville-En-Hesbaye;Liège;;
4261;Latinne;Liège;;
4263;Tourinne;Liège;;
4280;Abolens;Liège;;
4280;Avernas-Le-Bauduin;Liège;;
4280;Avin;Liège;;
4280;Bertrée;Liège;;
4280;Blehen;Liège;;
4280;Cras-Avernas;Liège;;
4280;Crehen;Liège;;
4280;Grand-Hallet;Liège;;
4280;Hannut;Liège;;
4280;Lens-Saint-Remy;Liège;;
4280;Merdorp;Liège;;
4280;Moxhe;Liège;;
4280;Petit-Hallet;Liège;;
4280;Poucet;Liège;;
4280;Thisnes;Liège;;
4280;Trognée;Liège;;
4280;Villers-Le-Peuplier;Liège;;
4280;Wansin;Liège;;
4287;Lincent;Liège;;
4287;Pellaines;Liège;;
4287;Racour;Liège;;
4300;Bettincourt;Liège;;
4300;Bleret;Liège;;
4300;Bovenistier;Liège;;
4300;Grand-Axhe;Liège;;
4300;Lantremange;Liège;;
4300;Oleye;Liège;;
4300;Waremme;Liège;;
4317;Aineffe;Liège;;
4317;Borlez;Liège;;
4317;Celles;Liège;;
4317;Faimes;Liège;;
4317;Les Waleffes;Liège;;
4317;Viemme;Liège;;
4340;Awans;Liège;;
4340;Fooz;Liège;;
4340;Othée;Liège;;
4340;Villers-L'evêque;Liège;;
4342;Hognoul;Liège;;
4347;Fexhe-Le-Haut-Clocher;Liège;;
4347;Freloux;Liège;;
4347;Noville;Liège;;
4347;Roloux;Liège;;
4347;Voroux-Goreux;Liège;;
4350;Lamine;Liège;;
4350;Momalle;Liège;;
4350;Pousset;Liège;;
4350;Remicourt;Liège;;
4351;Hodeige;Liège;;
4357;Donceel;Liège;;
4357;Haneffe;Liège;;
4357;Jeneffe;Liège;;
4357;Limont;Liège;;
4360;Bergilers;Liège;;
4360;Grandville;Liège;;
4360;Lens-Sur-Geer;Liège;;
4360;Oreye;Liège;;
4360;Otrange;Liège;;
4367;Crisnée;Liège;;
4367;Fize-Le-Marsal;Liège;;
4367;Kemexhe;Liège;;
4367;Odeur;Liège;;
4367;Thys;Liège;;
4400;Awirs;Liège;;
4400;Chokier;Liège;;
4400;Flémalle;Liège;;
4400;Flémalle-Grande;Liège;;
4400;Flémalle-Haute;Liège;;
4400;Ivoz-Ramet;Liège;;
4400;Mons-Lez-Liège;Liège;;
4420;Montegnée;Liège;;
4420;Saint-Nicolas;Liège;;
4420;Tilleur;Liège;;
4430;Ans;Liège;;
4431;Loncin;Liège;;
4432;Alleur;Liège;;
4432;Xhendremael;Liège;;
4450;Juprelle;Liège;;
4450;Lantin;Liège;;
4450;Slins;Liège;;
4451;Voroux-Lez-Liers;Liège;;
4452;Paifve;Liège;;
4452;Wihogne;Liège;;
4453;Villers-Saint-Siméon;Liège;;
4458;Fexhe-Slins;Liège;;
4460;Bierset;Liège;;
4460;Grâce-Berleur;Liège;;
4460;Grâce-Hollogne;Liège;;
4460;Hollogne-Aux-Pierres;Liège;;
4460;Horion-Hozémont;Liège;;
4460;Velroux;Liège;;
4470;Saint-Georges-Sur-Meuse;Liège;;
4480;Clermont-Sous-Huy;Liège;;
4480;Ehein;Liège;;
4480;Engis;Liège;;
4480;Hermalle-Sous-Huy;Liège;;
4500;Ben-Ahin;Liège;;
4500;Huy;Liège;;
4500;Tihange;Liège;;
4520;Antheit;Liège;;
4520;Bas-Oha;Liège;;
4520;Huccorgne;Liège;;
4520;Moha;Liège;;
4520;Vinalmont;Liège;;
4520;Wanze;Liège;;
4530;Fize-Fontaine;Liège;;
4530;Vaux-Et-Borset;Liège;;
4530;Vieux-Waleffe;Liège;;
4530;Villers-Le-Bouillet;Liège;;
4530;Warnant-Dreye;Liège;;
4537;Bodegnée;Liège;;
4537;Chapon-Seraing;Liège;;
4537;Seraing-Le-Château;Liège;;
4537;Verlaine;Liège;;
4540;Amay;Liège;;
4540;Ampsin;Liège;;
4540;Flône;Liège;;
4540;Jehay;Liège;;
4540;Ombret;Liège;;
4550;Nandrin;Liège;;
4550;Saint-Séverin;Liège;;
4550;Villers-Le-Temple;Liège;;
4550;Yernée-Fraineux;Liège;;
4557;Abée;Liège;;
4557;Fraiture;Liège;;
4557;Ramelot;Liège;;
4557;Seny;Liège;;
4557;Soheit-Tinlot;Liège;;
4557;Tinlot;Liège;;
4560;Bois-Et-Borsu;Liège;;
4560;Clavier;Liège;;
4560;Les Avins;Liège;;
4560;Ocquier;Liège;;
4560;Pailhe;Liège;;
4560;Terwagne;Liège;;
4570;Marchin;Liège;;
4570;Vyle-Et-Tharoul;Liège;;
4577;Modave;Liège;;
4577;Outrelouxhe;Liège;;
4577;Strée-Lez-Huy;Liège;;
4577;Vierset-Barse;Liège;;
4590;Ellemelle;Liège;;
4590;Ouffet;Liège;;
4590;Warzée;Liège;;
4600;Lanaye;Liège;;
4600;Lixhe;Liège;;
4600;Richelle;Liège;;
4600;Visé;Liège;;
4601;Argenteau;Liège;;
4602;Cheratte;Liège;;
4606;Saint-André;Liège;;
4607;Berneau;Liège;;
4607;Bombaye;Liège;;
4607;Dalhem;Liège;;
4607;Feneur;Liège;;
4607;Mortroux;Liège;;
4608;Neufchâteau;Liège;;
4608;Warsage;Liège;;
4610;Bellaire;Liège;;
4610;Beyne-Heusay;Liège;;
4610;Queue-Du-Bois;Liège;;
4620;Fléron;Liège;;
4621;Retinne;Liège;;
4623;Magnée;Liège;;
4624;Romsée;Liège;;
4630;Ayeneux;Liège;;
4630;Micheroux;Liège;;
4630;Soumagne;Liège;;
4630;Tignée;Liège;;
4631;Evegnée;Liège;;
4632;Cérexhe-Heuseux;Liège;;
4633;Melen;Liège;;
4650;Chaineux;Liège;;
4650;Grand-Rechain;Liège;;
4650;Herve;Liège;;
4650;Julémont;Liège;;
4651;Battice;Liège;;
4652;Xhendelesse;Liège;;
4653;Bolland;Liège;;
4654;Charneux;Liège;;
4670;Blégny;Liège;;
4670;Mortier;Liège;;
4670;Trembleur;Liège;;
4671;Barchon;Liège;;
4671;Housse;Liège;;
4671;Saive;Liège;;
4672;Saint-Remy;Liège;;
4680;Hermée;Liège;;
4680;Oupeye;Liège;;
4681;Hermalle-Sous-Argenteau;Liège;;
4682;Heure-Le-Romain;Liège;;
4682;Houtain-Saint-Siméon;Liège;;
4683;Vivegnis;Liège;;
4684;Haccourt;Liège;;
4690;Bassenge;Liège;;
4690;Boirs;Liège;;
4690;Eben-Emael;Liège;;
4690;Glons;Liège;;
4690;Roclenge-Sur-Geer;Liège;;
4690;Wonck;Liège;;
4700;Eupen;Liège;;
4701;Kettenis;Liège;;
4710;Lontzen;Liège;;
4711;Walhorn;Liège;;
4720;La Calamine;Liège;;
4721;Neu-Moresnet;Liège;;
4728;Hergenrath;Liège;;
4730;Hauset;Liège;;
4730;Raeren;Liège;;
4731;Eynatten;Liège;;
4750;Butgenbach;Liège;;
4750;Elsenborn;Liège;;
4760;Bullange;Liège;;
4760;Manderfeld;Liège;;
4761;Rocherath;Liège;;
4770;Amblève;Liège;;
4770;Meyerode;Liège;;
4771;Heppenbach;Liège;;
4780;Recht;Liège;;
4780;Saint-Vith;Liège;;
4782;Schoenberg;Liège;;
4783;Lommersweiler;Liège;;
4784;Crombach;Liège;;
4790;Burg-Reuland;Liège;;
4790;Reuland;Liège;;
4791;Thommen;Liège;;
4800;Ensival;Liège;;
4800;Lambermont;Liège;;
4800;Petit-Rechain;Liège;;
4800;Polleur;Liège;;
4800;Verviers;Liège;;
4801;Stembert;Liège;;
4802;Heusy;Liège;;
4820;Dison;Liège;;
4821;Andrimont;Liège;;
4830;Limbourg;Liège;;
4831;Bilstain;Liège;;
4834;Goé;Liège;;
4837;Baelen;Liège;;
4837;Membach;Liège;;
4840;Welkenraedt;Liège;;
4841;Henri-Chapelle;Liège;;
4845;Jalhay;Liège;;
4845;Sart-Lez-Spa;Liège;;
4850;Montzen;Liège;;
4850;Moresnet;Liège;;
4850;Plombières;Liège;;
4851;Gemmenich;Liège;;
4851;Sippenaeken;Liège;;
4852;Hombourg;Liège;;
4860;Cornesse;Liège;;
4860;Pepinster;Liège;;
4860;Wegnez;Liège;;
4861;Soiron;Liège;;
4870;Forêt;Liège;;
4870;Fraipont;Liège;;
4870;Nessonvaux;Liège;;
4870;Trooz;Liège;;
4877;Olne;Liège;;
4880;Aubel;Liège;;
4890;Clermont;Liège;;
4890;Thimister;Liège;;
4890;Thimister-Clermont;Liège;;
4900;Spa;Liège;;
4910;La Reid;Liège;;
4910;Polleur;Liège;;
4910;Theux;Liège;;
4920;Aywaille;Liège;;
4920;Ernonheid;Liège;;
4920;Harzé;Liège;;
4920;Louveigné;Liège;;
4950;Faymonville;Liège;;
4950;Robertville;Liège;;
4950;Sourbrodt;Liège;;
4950;Waimes;Liège;;
4960;Bevercé;Liège;;
4960;Malmedy;Liège;;
4970;Francorchamps;Liège;;
4970;Stavelot;Liège;;
4980;Fosse;Liège;;
4980;Trois-Ponts;Liège;;
4980;Wanne;Liège;;
4983;Basse-Bodeux;Liège;;
4987;Chevron;Liège;;
4987;La Gleize;Liège;;
4987;Lorcé;Liège;;
4987;Rahier;Liège;;
4987;Stoumont;Liège;;
4990;Arbrefontaine;Liège;;
4990;Bra;Liège;;
4990;Lierneux;Liège;;
5000;Beez;Namur;;
5000;Namur;Namur;;
5001;Belgrade;Namur;;
5002;Saint-Servais;Namur;;
5003;Saint-Marc;Namur;;
5004;Bouge;Namur;;
5020;Champion;Namur;;
5020;Daussoulx;Namur;;
5020;Flawinne;Namur;;
5020;Malonne;Namur;;
5020;Suarlée;Namur;;
5020;Temploux;Namur;;
5020;Vedrin;Namur;;
5021;Boninne;Namur;;
5022;Cognelée;Namur;;
5024;Gelbressée;Namur;;
5024;Marche-Les-Dames;Namur;;
5030;Beuzet;Namur;;
5030;Ernage;Namur;;
5030;Gembloux;Namur;;
5030;Grand-Manil;Namur;;
5030;Lonzée;Namur;;
5030;Sauvenière;Namur;;
5031;Grand-Leez;Namur;;
5032;Bossière;Namur;;
5032;Bothey;Namur;;
5032;Corroy-Le-Château;Namur;;
5032;Isnes;Namur;;
5032;Mazy;Namur;;
5060;Arsimont;Namur;;
5060;Auvelais;Namur;;
5060;Falisolle;Namur;;
5060;Keumiée;Namur;;
5060;Moignelée;Namur;;
5060;Sambreville;Namur;;
5060;Tamines;Namur;;
5060;Velaine-Sur-Sambre;Namur;;
5070;Aisemont;Namur;;
5070;Fosses-La-Ville;Namur;;
5070;Le Roux;Namur;;
5070;Sart-Eustache;Namur;;
5070;Sart-Saint-Laurent;Namur;;
5070;Vitrival;Namur;;
5080;Emines;Namur;;
5080;La Bruyère;Namur;;
5080;Rhisnes;Namur;;
5080;Villers-Lez-Heest;Namur;;
5080;Warisoulx;Namur;;
5081;Bovesse;Namur;;
5081;Meux;Namur;;
5100;Dave;Namur;;
5100;Jambes;Namur;;
5100;Naninne;Namur;;
5100;Wépion;Namur;;
5100;Wierde;Namur;;
5101;Erpent;Namur;;
5101;Lives-Sur-Meuse;Namur;;
5101;Loyers;Namur;;
5140;Boignée;Namur;;
5140;Ligny;Namur;;
5140;Sombreffe;Namur;;
5140;Tongrinne;Namur;;
5150;Floreffe;Namur;;
5150;Floriffoux;Namur;;
5150;Franière;Namur;;
5150;Soye;Namur;;
5170;Arbre;Namur;;
5170;Bois-De-Villers;Namur;;
5170;Lesve;Namur;;
5170;Lustin;Namur;;
5170;Profondeville;Namur;;
5170;Rivière;Namur;;
5190;Balâtre;Namur;;
5190;Ham-Sur-Sambre;Namur;;
5190;Jemeppe-Sur-Sambre;Namur;;
5190;Mornimont;Namur;;
5190;Moustier-Sur-Sambre;Namur;;
5190;Onoz;Namur;;
5190;Saint-Martin;Namur;;
5190;Spy;Namur;;
5300;Andenne;Namur;;
5300;Bonneville;Namur;;
5300;Coutisse;Namur;;
5300;Landenne;Namur;;
5300;Maizeret;Namur;;
5300;Namêche;Namur;;
5300;Sclayn;Namur;;
5300;Seilles;Namur;;
5300;Thon;Namur;;
5300;Vezin;Namur;;
5310;Aische-En-Refail;Namur;;
5310;Bolinne;Namur;;
5310;Boneffe;Namur;;
5310;Branchon;Namur;;
5310;Dhuy;Namur;;
5310;Eghezée;Namur;;
5310;Hanret;Namur;;
5310;Leuze;Namur;;
5310;Liernu;Namur;;
5310;Longchamps;Namur;;
5310;Mehaigne;Namur;;
5310;Noville-Sur-Méhaigne;Namur;;
5310;Saint-Germain;Namur;;
5310;Taviers;Namur;;
5310;Upigny;Namur;;
5310;Waret-La-Chaussée;Namur;;
5330;Assesse;Namur;;
5330;Maillen;Namur;;
5330;Sart-Bernard;Namur;;
5332;Crupet;Namur;;
5333;Sorinne-La-Longue;Namur;;
5334;Florée;Namur;;
5336;Courrière;Namur;;
5340;Faulx-Les-Tombes;Namur;;
5340;Gesves;Namur;;
5340;Haltinne;Namur;;
5340;Mozet;Namur;;
5340;Sorée;Namur;;
5350;Evelette;Namur;;
5350;Ohey;Namur;;
5351;Haillot;Namur;;
5353;Goesnes;Namur;;
5354;Jallet;Namur;;
5360;Hamois;Namur;;
5360;Natoye;Namur;;
5361;Mohiville;Namur;;
5361;Scy;Namur;;
5362;Achet;Namur;;
5363;Emptinne;Namur;;
5364;Schaltin;Namur;;
5370;Barvaux-Condroz;Namur;;
5370;Flostoy;Namur;;
5370;Havelange;Namur;;
5370;Jeneffe;Namur;;
5370;Porcheresse;Namur;;
5370;Verlée;Namur;;
5372;Méan;Namur;;
5374;Maffe;Namur;;
5376;Miécret;Namur;;
5377;Baillonville;Namur;;
5377;Bonsin;Namur;;
5377;Heure;Namur;;
5377;Hogne;Namur;;
5377;Nettinne;Namur;;
5377;Noiseux;Namur;;
5377;Sinsin;Namur;;
5377;Somme-Leuze;Namur;;
5377;Waillet;Namur;;
5380;Bierwart;Namur;;
5380;Cortil-Wodon;Namur;;
5380;Fernelmont;Namur;;
5380;Forville;Namur;;
5380;Franc-Waret;Namur;;
5380;Hemptinne;Namur;;
5380;Hingeon;Namur;;
5380;Marchovelette;Namur;;
5380;Noville-Les-Bois;Namur;;
5380;Pontillas;Namur;;
5380;Tillier;Namur;;
5500;Anseremme;Namur;;
5500;Bouvignes-Sur-Meuse;Namur;;
5500;Dinant;Namur;;
5500;Dréhance;Namur;;
5500;Falmagne;Namur;;
5500;Falmignoul;Namur;;
5500;Furfooz;Namur;;
5501;Lisogne;Namur;;
5502;Thynes;Namur;;
5503;Sorinnes;Namur;;
5504;Foy-Notre-Dame;Namur;;
5520;Anthée;Namur;;
5520;Onhaye;Namur;;
5521;Serville;Namur;;
5522;Falaen;Namur;;
5523;Sommière;Namur;;
5523;Weillen;Namur;;
5524;Gerin;Namur;;
5530;Dorinne;Namur;;
5530;Durnal;Namur;;
5530;Evrehailles;Namur;;
5530;Godinne;Namur;;
5530;Houx;Namur;;
5530;Mont;Namur;;
5530;Purnode;Namur;;
5530;Spontin;Namur;;
5530;Yvoir;Namur;;
5537;Anhée;Namur;;
5537;Annevoie-Rouillon;Namur;;
5537;Bioul;Namur;;
5537;Denée;Namur;;
5537;Haut-Le-Wastia;Namur;;
5537;Sosoye;Namur;;
5537;Warnant;Namur;;
5540;Hastière;Namur;;
5540;Hastière-Lavaux;Namur;;
5540;Hermeton-Sur-Meuse;Namur;;
5540;Waulsort;Namur;;
5541;Hastière-Par-Delà;Namur;;
5542;Blaimont;Namur;;
5543;Heer;Namur;;
5544;Agimont;Namur;;
5550;Alle;Namur;;
5550;Bagimont;Namur;;
5550;Bohan;Namur;;
5550;Chairière;Namur;;
5550;Laforet;Namur;;
5550;Membre;Namur;;
5550;Mouzaive;Namur;;
5550;Nafraiture;Namur;;
5550;Orchimont;Namur;;
5550;Pussemange;Namur;;
5550;Sugny;Namur;;
5550;Vresse-Sur-Semois;Namur;;
5555;Baillamont;Namur;;
5555;Bellefontaine;Namur;;
5555;Bièvre;Namur;;
5555;Cornimont;Namur;;
5555;Graide;Namur;;
5555;Gros-Fays;Namur;;
5555;Monceau-En-Ardenne;Namur;;
5555;Naomé;Namur;;
5555;Oizy;Namur;;
5555;Petit-Fays;Namur;;
5560;Ciergnon;Namur;;
5560;Finnevaux;Namur;;
5560;Houyet;Namur;;
5560;Hulsonniaux;Namur;;
5560;Mesnil-Eglise;Namur;;
5560;Mesnil-Saint-Blaise;Namur;;
5561;Celles;Namur;;
5562;Custinne;Namur;;
5563;Hour;Namur;;
5564;Wanlin;Namur;;
5570;Baronville;Namur;;
5570;Beauraing;Namur;;
5570;Dion;Namur;;
5570;Felenne;Namur;;
5570;Feschaux;Namur;;
5570;Honnay;Namur;;
5570;Javingue;Namur;;
5570;Vonêche;Namur;;
5570;Wancennes;Namur;;
5570;Winenne;Namur;;
5571;Wiesme;Namur;;
5572;Focant;Namur;;
5573;Martouzin-Neuville;Namur;;
5574;Pondrôme;Namur;;
5575;Bourseigne-Neuve;Namur;;
5575;Bourseigne-Vieille;Namur;;
5575;Gedinne;Namur;;
5575;Houdremont;Namur;;
5575;Louette-Saint-Denis;Namur;;
5575;Louette-Saint-Pierre;Namur;;
5575;Malvoisin;Namur;;
5575;Patignies;Namur;;
5575;Rienne;Namur;;
5575;Sart-Custinne;Namur;;
5575;Vencimont;Namur;;
5575;Willerzie;Namur;;
5576;Froidfontaine;Namur;;
5580;Ave-Et-Auffe;Namur;;
5580;Buissonville;Namur;;
5580;Eprave;Namur;;
5580;Han-Sur-Lesse;Namur;;
5580;Jemelle;Namur;;
5580;Lessive;Namur;;
5580;Mont-Gauthier;Namur;;
5580;Rochefort;Namur;;
5580;Villers-Sur-Lesse;Namur;;
5580;Wavreille;Namur;;
5590;Achêne;Namur;;
5590;Braibant;Namur;;
5590;Chevetogne;Namur;;
5590;Ciney;Namur;;
5590;Conneux;Namur;;
5590;Haversin;Namur;;
5590;Leignon;Namur;;
5590;Pessoux;Namur;;
5590;Serinchamps;Namur;;
5590;Sovet;Namur;;
5600;Fagnolle;Namur;;
5600;Franchimont;Namur;;
5600;Jamagne;Namur;;
5600;Jamiolle;Namur;;
5600;Merlemont;Namur;;
5600;Neuville;Namur;;
5600;Omezée;Namur;;
5600;Philippeville;Namur;;
5600;Roly;Namur;;
5600;Romedenne;Namur;;
5600;Samart;Namur;;
5600;Sart-En-Fagne;Namur;;
5600;Sautour;Namur;;
5600;Surice;Namur;;
5600;Villers-En-Fagne;Namur;;
5600;Villers-Le-Gambon;Namur;;
5600;Vodecée;Namur;;
5620;Corenne;Namur;;
5620;Flavion;Namur;;
5620;Florennes;Namur;;
5620;Hemptinne-Lez-Florennes;Namur;;
5620;Morville;Namur;;
5620;Rosée;Namur;;
5620;Saint-Aubin;Namur;;
5621;Hanzinelle;Namur;;
5621;Hanzinne;Namur;;
5621;Morialmé;Namur;;
5630;Cerfontaine;Namur;;
5630;Daussois;Namur;;
5630;Senzeille;Namur;;
5630;Silenrieux;Namur;;
5630;Soumoy;Namur;;
5630;Villers-Deux-Eglises;Namur;;
5640;Biesme;Namur;;
5640;Biesmerée;Namur;;
5640;Graux;Namur;;
5640;Mettet;Namur;;
5640;Oret;Namur;;
5640;Saint-Gérard;Namur;;
5641;Furnaux;Namur;;
5644;Ermeton-Sur-Biert;Namur;;
5646;Stave;Namur;;
5650;Castillon;Namur;;
5650;Chastrès;Namur;;
5650;Clermont;Namur;;
5650;Fontenelle;Namur;;
5650;Fraire;Namur;;
5650;Pry;Namur;;
5650;Vogenée;Namur;;
5650;Walcourt;Namur;;
5650;Yves-Gomezée;Namur;;
5651;Berzée;Namur;;
5651;Gourdinne;Namur;;
5651;Laneffe;Namur;;
5651;Rognée;Namur;;
5651;Somzée;Namur;;
5651;Tarcienne;Namur;;
5651;Thy-Le-Château;Namur;;
5660;Aublain;Namur;;
5660;Boussu-En-Fagne;Namur;;
5660;Brûly;Namur;;
5660;Brûly-De-Pesche;Namur;;
5660;Couvin;Namur;;
5660;Cul-Des-Sarts;Namur;;
5660;Dailly;Namur;;
5660;Frasnes;Namur;;
5660;Gonrieux;Namur;;
5660;Mariembourg;Namur;;
5660;Pesche;Namur;;
5660;Petigny;Namur;;
5660;Petite-Chapelle;Namur;;
5660;Presgaux;Namur;;
5670;Dourbes;Namur;;
5670;Le Mesnil;Namur;;
5670;Mazée;Namur;;
5670;Nismes;Namur;;
5670;Oignies-En-Thiérache;Namur;;
5670;Olloy-Sur-Viroin;Namur;;
5670;Treignes;Namur;;
5670;Vierves-Sur-Viroin;Namur;;
5670;Viroinval;Namur;;
5680;Doische;Namur;;
5680;Gimnée;Namur;;
5680;Gochenée;Namur;;
5680;Matagne-La-Grande;Namur;;
5680;Matagne-La-Petite;Namur;;
5680;Niverlée;Namur;;
5680;Romerée;Namur;;
5680;Soulme;Namur;;
5680;Vaucelles;Namur;;
5680;Vodelée;Namur;;
6000;Charleroi;Hainaut;;
6001;Marcinelle;Hainaut;;
6010;Couillet;Hainaut;;
6020;Dampremy;Hainaut;;
6030;Goutroux;Hainaut;;
6030;Marchienne-Au-Pont;Hainaut;;
6031;Monceau-Sur-Sambre;Hainaut;;
6032;Mont-Sur-Marchienne;Hainaut;;
6040;Jumet;Hainaut;;
6041;Gosselies;Hainaut;;
6042;Lodelinsart;Hainaut;;
6043;Ransart;Hainaut;;
6044;Roux;Hainaut;;
6060;Gilly;Hainaut;;
6061;Montignies-Sur-Sambre;Hainaut;;
6110;Montigny-Le-Tilleul;Hainaut;;
6111;Landelies;Hainaut;;
6120;Cour-Sur-Heure;Hainaut;;
6120;Ham-Sur-Heure;Hainaut;;
6120;Jamioulx;Hainaut;;
6120;Marbaix;Hainaut;;
6120;Nalinnes;Hainaut;;
6140;Fontaine-L'evêque;Hainaut;;
6141;Forchies-La-Marche;Hainaut;;
6142;Leernes;Hainaut;;
6150;Anderlues;Hainaut;;
6180;Courcelles;Hainaut;;
6181;Gouy-Lez-Piéton;Hainaut;;
6182;Souvret;Hainaut;;
6183;Trazegnies;Hainaut;;
6200;Bouffioulx;Hainaut;;
6200;Châtelet;Hainaut;;
6200;Châtelineau;Hainaut;;
6210;Frasnes-Lez-Gosselies;Hainaut;;
6210;Les Bons Villers;Hainaut;;
6210;Rèves;Hainaut;;
6210;Villers-Perwin;Hainaut;;
6210;Wayaux;Hainaut;;
6211;Mellet;Hainaut;;
6220;Fleurus;Hainaut;;
6220;Heppignies;Hainaut;;
6220;Lambusart;Hainaut;;
6220;Wangenies;Hainaut;;
6221;Saint-Amand;Hainaut;;
6222;Brye;Hainaut;;
6223;Wagnelée;Hainaut;;
6224;Wanfercée-Baulet;Hainaut;;
6230;Buzet;Hainaut;;
6230;Obaix;Hainaut;;
6230;Pont-À-Celles;Hainaut;;
6230;Thiméon;Hainaut;;
6230;Viesville;Hainaut;;
6238;Liberchies;Hainaut;;
6238;Luttre;Hainaut;;
6240;Farciennes;Hainaut;;
6240;Pironchamps;Hainaut;;
6250;Aiseau;Hainaut;;
6250;Aiseau-Presles;Hainaut;;
6250;Pont-De-Loup;Hainaut;;
6250;Presles;Hainaut;;
6250;Roselies;Hainaut;;
6280;Acoz;Hainaut;;
6280;Gerpinnes;Hainaut;;
6280;Gougnies;Hainaut;;
6280;Joncret;Hainaut;;
6280;Loverval;Hainaut;;
6280;Villers-Poterie;Hainaut;;
6440;Boussu-Lez-Walcourt;Hainaut;;
6440;Fourbechies;Hainaut;;
6440;Froidchapelle;Hainaut;;
6440;Vergnies;Hainaut;;
6441;Erpion;Hainaut;;
6460;Bailièvre;Hainaut;;
6460;Chimay;Hainaut;;
6460;Robechies;Hainaut;;
6460;Saint-Remy;Hainaut;;
6460;Salles;Hainaut;;
6460;Villers-La-Tour;Hainaut;;
6461;Virelles;Hainaut;;
6462;Vaulx-Lez-Chimay;Hainaut;;
6463;Lompret;Hainaut;;
6464;Baileux;Hainaut;;
6464;Bourlers;Hainaut;;
6464;Forges;Hainaut;;
6464;L'escaillère;Hainaut;;
6464;Rièzes;Hainaut;;
6470;Grandrieu;Hainaut;;
6470;Montbliart;Hainaut;;
6470;Rance;Hainaut;;
6470;Sautin;Hainaut;;
6470;Sivry;Hainaut;;
6470;Sivry-Rance;Hainaut;;
6500;Barbençon;Hainaut;;
6500;Beaumont;Hainaut;;
6500;Leugnies;Hainaut;;
6500;Leval-Chaudeville;Hainaut;;
6500;Renlies;Hainaut;;
6500;Solre-Saint-Géry;Hainaut;;
6500;Thirimont;Hainaut;;
6511;Strée;Hainaut;;
6530;Leers-Et-Fosteau;Hainaut;;
6530;Thuin;Hainaut;;
6531;Biesme-Sous-Thuin;Hainaut;;
6532;Ragnies;Hainaut;;
6533;Biercée;Hainaut;;
6534;Gozée;Hainaut;;
6536;Donstiennes;Hainaut;;
6536;Thuillies;Hainaut;;
6540;Lobbes;Hainaut;;
6540;Mont-Sainte-Geneviève;Hainaut;;
6542;Sars-La-Buissière;Hainaut;;
6543;Bienne-Lez-Happart;Hainaut;;
6560;Bersillies-L'abbaye;Hainaut;;
6560;Erquelinnes;Hainaut;;
6560;Grand-Reng;Hainaut;;
6560;Hantes-Wihéries;Hainaut;;
6560;Montignies-Saint-Christophe;Hainaut;;
6560;Solre-Sur-Sambre;Hainaut;;
6567;Fontaine-Valmont;Hainaut;;
6567;Labuissière;Hainaut;;
6567;Merbes-Le-Château;Hainaut;;
6567;Merbes-Sainte-Marie;Hainaut;;
6590;Momignies;Hainaut;;
6591;Macon;Hainaut;;
6592;Monceau-Imbrechies;Hainaut;;
6593;Macquenoise;Hainaut;;
6594;Beauwelz;Hainaut;;
6596;Forge-Philippe;Hainaut;;
6596;Seloignes;Hainaut;;
6600;Bastogne;Luxemburg;;
6600;Longvilly;Luxemburg;;
6600;Noville;Luxemburg;;
6600;Villers-La-Bonne-Eau;Luxemburg;;
6600;Wardin;Luxemburg;;
6630;Martelange;Luxemburg;;
6637;Fauvillers;Luxemburg;;
6637;Hollange;Luxemburg;;
6637;Tintange;Luxemburg;;
6640;Hompré;Luxemburg;;
6640;Morhet;Luxemburg;;
6640;Nives;Luxemburg;;
6640;Sibret;Luxemburg;;
6640;Vaux-Lez-Rosières;Luxemburg;;
6640;Vaux-Sur-Sûre;Luxemburg;;
6642;Juseret;Luxemburg;;
6660;Houffalize;Luxemburg;;
6660;Nadrin;Luxemburg;;
6661;Mont;Luxemburg;;
6661;Tailles;Luxemburg;;
6662;Tavigny;Luxemburg;;
6663;Mabompré;Luxemburg;;
6666;Wibrin;Luxemburg;;
6670;Gouvy;Luxemburg;;
6670;Limerlé;Luxemburg;;
6671;Bovigny;Luxemburg;;
6672;Beho;Luxemburg;;
6673;Cherain;Luxemburg;;
6674;Montleban;Luxemburg;;
6680;Amberloup;Luxemburg;;
6680;Sainte-Ode;Luxemburg;;
6680;Tillet;Luxemburg;;
6681;Lavacherie;Luxemburg;;
6686;Flamierge;Luxemburg;;
6687;Bertogne;Luxemburg;;
6688;Longchamps;Luxemburg;;
6690;Bihain;Luxemburg;;
6690;Vielsalm;Luxemburg;;
6692;Petit-Thier;Luxemburg;;
6698;Grand-Halleux;Luxemburg;;
6700;Arlon;Luxemburg;;
6700;Bonnert;Luxemburg;;
6700;Heinsch;Luxemburg;;
6700;Toernich;Luxemburg;;
6704;Guirsch;Luxemburg;;
6706;Autelbas;Luxemburg;;
6717;Attert;Luxemburg;;
6717;Nobressart;Luxemburg;;
6717;Nothomb;Luxemburg;;
6717;Thiaumont;Luxemburg;;
6717;Tontelange;Luxemburg;;
6720;Habay;Luxemburg;;
6720;Habay-La-Neuve;Luxemburg;;
6720;Hachy;Luxemburg;;
6721;Anlier;Luxemburg;;
6723;Habay-La-Vieille;Luxemburg;;
6724;Houdemont;Luxemburg;;
6724;Rulles;Luxemburg;;
6730;Bellefontaine;Luxemburg;;
6730;Rossignol;Luxemburg;;
6730;Saint-Vincent;Luxemburg;;
6730;Tintigny;Luxemburg;;
6740;Etalle;Luxemburg;;
6740;Sainte-Marie-Sur-Semois;Luxemburg;;
6740;Villers-Sur-Semois;Luxemburg;;
6741;Vance;Luxemburg;;
6742;Chantemelle;Luxemburg;;
6743;Buzenol;Luxemburg;;
6747;Châtillon;Luxemburg;;
6747;Meix-Le-Tige;Luxemburg;;
6747;Saint-Léger;Luxemburg;;
6750;Musson;Luxemburg;;
6750;Mussy-La-Ville;Luxemburg;;
6750;Signeulx;Luxemburg;;
6760;Bleid;Luxemburg;;
6760;Ethe;Luxemburg;;
6760;Ruette;Luxemburg;;
6760;Virton;Luxemburg;;
6761;Latour;Luxemburg;;
6762;Saint-Mard;Luxemburg;;
6767;Dampicourt;Luxemburg;;
6767;Harnoncourt;Luxemburg;;
6767;Lamorteau;Luxemburg;;
6767;Rouvroy;Luxemburg;;
6767;Torgny;Luxemburg;;
6769;Gérouville;Luxemburg;;
6769;Meix-Devant-Virton;Luxemburg;;
6769;Robelmont;Luxemburg;;
6769;Sommethonne;Luxemburg;;
6769;Villers-La-Loue;Luxemburg;;
6780;Hondelange;Luxemburg;;
6780;Messancy;Luxemburg;;
6780;Wolkrange;Luxemburg;;
6781;Sélange;Luxemburg;;
6782;Habergy;Luxemburg;;
6790;Aubange;Luxemburg;;
6791;Athus;Luxemburg;;
6792;Halanzy;Luxemburg;;
6792;Rachecourt;Luxemburg;;
6800;Bras;Luxemburg;;
6800;Freux;Luxemburg;;
6800;Libramont-Chevigny;Luxemburg;;
6800;Moircy;Luxemburg;;
6800;Recogne;Luxemburg;;
6800;Remagne;Luxemburg;;
6800;Saint-Pierre;Luxemburg;;
6800;Sainte-Marie-Chevigny;Luxemburg;;
6810;Chiny;Luxemburg;;
6810;Izel;Luxemburg;;
6810;Jamoigne;Luxemburg;;
6811;Les Bulles;Luxemburg;;
6812;Suxy;Luxemburg;;
6813;Termes;Luxemburg;;
6820;Florenville;Luxemburg;;
6820;Fontenoille;Luxemburg;;
6820;Muno;Luxemburg;;
6820;Sainte-Cécile;Luxemburg;;
6821;Lacuisine;Luxemburg;;
6823;Villers-Devant-Orval;Luxemburg;;
6824;Chassepierre;Luxemburg;;
6830;Bouillon;Luxemburg;;
6830;Les Hayons;Luxemburg;;
6830;Poupehan;Luxemburg;;
6830;Rochehaut;Luxemburg;;
6831;Noirfontaine;Luxemburg;;
6832;Sensenruth;Luxemburg;;
6833;Ucimont;Luxemburg;;
6833;Vivy;Luxemburg;;
6834;Bellevaux;Luxemburg;;
6836;Dohan;Luxemburg;;
6838;Corbion;Luxemburg;;
6840;Grandvoir;Luxemburg;;
6840;Grapfontaine;Luxemburg;;
6840;Hamipré;Luxemburg;;
6840;Longlier;Luxemburg;;
6840;Neufchâteau;Luxemburg;;
6840;Tournay;Luxemburg;;
6850;Carlsbourg;Luxemburg;;
6850;Offagne;Luxemburg;;
6850;Paliseul;Luxemburg;;
6851;Nollevaux;Luxemburg;;
6852;Maissin;Luxemburg;;
6852;Opont;Luxemburg;;
6853;Framont;Luxemburg;;
6856;Fays-Les-Veneurs;Luxemburg;;
6860;Assenois;Luxemburg;;
6860;Ebly;Luxemburg;;
6860;Léglise;Luxemburg;;
6860;Mellier;Luxemburg;;
6860;Witry;Luxemburg;;
6870;Arville;Luxemburg;;
6870;Awenne;Luxemburg;;
6870;Hatrival;Luxemburg;;
6870;Mirwart;Luxemburg;;
6870;Saint-Hubert;Luxemburg;;
6870;Vesqueville;Luxemburg;;
6880;Auby-Sur-Semois;Luxemburg;;
6880;Bertrix;Luxemburg;;
6880;Cugnon;Luxemburg;;
6880;Jehonville;Luxemburg;;
6880;Orgeo;Luxemburg;;
6887;Herbeumont;Luxemburg;;
6887;Saint-Médard;Luxemburg;;
6887;Straimont;Luxemburg;;
6890;Anloy;Luxemburg;;
6890;Libin;Luxemburg;;
6890;Ochamps;Luxemburg;;
6890;Redu;Luxemburg;;
6890;Smuid;Luxemburg;;
6890;Transinne;Luxemburg;;
6890;Villance;Luxemburg;;
6900;Aye;Luxemburg;;
6900;Hargimont;Luxemburg;;
6900;Humain;Luxemburg;;
6900;Marche-En-Famenne;Luxemburg;;
6900;On;Luxemburg;;
6900;Roy;Luxemburg;;
6900;Waha;Luxemburg;;
6920;Sohier;Luxemburg;;
6920;Wellin;Luxemburg;;
6921;Chanly;Luxemburg;;
6922;Halma;Luxemburg;;
6924;Lomprez;Luxemburg;;
6927;Bure;Luxemburg;;
6927;Grupont;Luxemburg;;
6927;Resteigne;Luxemburg;;
6927;Tellin;Luxemburg;;
6929;Daverdisse;Luxemburg;;
6929;Gembes;Luxemburg;;
6929;Haut-Fays;Luxemburg;;
6929;Porcheresse;Luxemburg;;
6940;Durbuy;Luxemburg;;
6940;Grandhan;Luxemburg;;
6940;Septon;Luxemburg;;
6940;Wéris;Luxemburg;;
6941;Bende;Luxemburg;;
6941;Bomal-Sur-Ourthe;Luxemburg;;
6941;Borlon;Luxemburg;;
6941;Heyd;Luxemburg;;
6941;Izier;Luxemburg;;
6941;Tohogne;Luxemburg;;
6941;Villers-Sainte-Gertrude;Luxemburg;;
6950;Harsin;Luxemburg;;
6950;Nassogne;Luxemburg;;
6951;Bande;Luxemburg;;
6952;Grune;Luxemburg;;
6953;Ambly;Luxemburg;;
6953;Forrières;Luxemburg;;
6953;Lesterny;Luxemburg;;
6953;Masbourg;Luxemburg;;
6960;Dochamps;Luxemburg;;
6960;Grandmenil;Luxemburg;;
6960;Harre;Luxemburg;;
6960;Malempré;Luxemburg;;
6960;Manhay;Luxemburg;;
6960;Odeigne;Luxemburg;;
6960;Vaux-Chavanne;Luxemburg;;
6970;Tenneville;Luxemburg;;
6971;Champlon;Luxemburg;;
6972;Erneuville;Luxemburg;;
6980;Beausaint;Luxemburg;;
6980;La Roche-En-Ardenne;Luxemburg;;
6982;Samrée;Luxemburg;;
6983;Ortho;Luxemburg;;
6984;Hives;Luxemburg;;
6986;Halleux;Luxemburg;;
6987;Beffe;Luxemburg;;
6987;Hodister;Luxemburg;;
6987;Marcourt;Luxemburg;;
6987;Rendeux;Luxemburg;;
6990;Fronville;Luxemburg;;
6990;Hampteau;Luxemburg;;
6990;Hotton;Luxemburg;;
6990;Marenne;Luxemburg;;
6997;Amonines;Luxemburg;;
6997;Erezée;Luxemburg;;
6997;Mormont;Luxemburg;;
6997;Soy;Luxemburg;;
7000;Mons;Hainaut;;
7011;Ghlin;Hainaut;;
7012;Flénu;Hainaut;;
7012;Jemappes;Hainaut;;
7020;Maisières;Hainaut;;
7020;Nimy;Hainaut;;
7021;Havre;Hainaut;;
7022;Harmignies;Hainaut;;
7022;Harveng;Hainaut;;
7022;Hyon;Hainaut;;
7022;Mesvin;Hainaut;;
7022;Nouvelles;Hainaut;;
7024;Ciply;Hainaut;;
7030;Saint-Symphorien;Hainaut;;
7031;Villers-Saint-Ghislain;Hainaut;;
7032;Spiennes;Hainaut;;
7033;Cuesmes;Hainaut;;
7034;Obourg;Hainaut;;
7034;Saint-Denis;Hainaut;;
7040;Asquillies;Hainaut;;
7040;Aulnois;Hainaut;;
7040;Blaregnies;Hainaut;;
7040;Bougnies;Hainaut;;
7040;Genly;Hainaut;;
7040;Goegnies-Chaussée;Hainaut;;
7040;Quévy;Hainaut;;
7040;Quévy-Le-Grand;Hainaut;;
7040;Quévy-Le-Petit;Hainaut;;
7041;Givry;Hainaut;;
7041;Havay;Hainaut;;
7050;Erbaut;Hainaut;;
7050;Erbisoeul;Hainaut;;
7050;Herchies;Hainaut;;
7050;Jurbise;Hainaut;;
7050;Masnuy-Saint-Jean;Hainaut;;
7050;Masnuy-Saint-Pierre;Hainaut;;
7060;Horrues;Hainaut;;
7060;Soignies;Hainaut;;
7061;Casteau;Hainaut;;
7061;Thieusies;Hainaut;;
7062;Naast;Hainaut;;
7063;Chaussée-Notre-Dame-Louvignies;Hainaut;;
7063;Neufvilles;Hainaut;;
7070;Gottignies;Hainaut;;
7070;Le Roeulx;Hainaut;;
7070;Mignault;Hainaut;;
7070;Thieu;Hainaut;;
7070;Ville-Sur-Haine;Hainaut;;
7080;Eugies;Hainaut;;
7080;Frameries;Hainaut;;
7080;La Bouverie;Hainaut;;
7080;Noirchain;Hainaut;;
7080;Sars-La-Bruyère;Hainaut;;
7090;Braine-Le-Comte;Hainaut;;
7090;Hennuyères;Hainaut;;
7090;Henripont;Hainaut;;
7090;Petit-Roeulx-Lez-Braine;Hainaut;;
7090;Ronquières;Hainaut;;
7090;Steenkerque;Hainaut;;
7100;Haine-Saint-Paul;Hainaut;;
7100;Haine-Saint-Pierre;Hainaut;;
7100;La Louvière;Hainaut;;
7100;Saint-Vaast;Hainaut;;
7100;Trivières;Hainaut;;
7110;Boussoit;Hainaut;;
7110;Houdeng-Aimeries;Hainaut;;
7110;Houdeng-Goegnies;Hainaut;;
7110;Maurage;Hainaut;;
7110;Strépy-Bracquegnies;Hainaut;;
7120;Croix-Lez-Rouveroy;Hainaut;;
7120;Estinnes;Hainaut;;
7120;Estinnes-Au-Mont;Hainaut;;
7120;Estinnes-Au-Val;Hainaut;;
7120;Fauroeulx;Hainaut;;
7120;Haulchin;Hainaut;;
7120;Peissant;Hainaut;;
7120;Rouveroy;Hainaut;;
7120;Vellereille-Le-Sec;Hainaut;;
7120;Vellereille-Les-Brayeux;Hainaut;;
7130;Battignies;Hainaut;;
7130;Binche;Hainaut;;
7130;Bray;Hainaut;;
7131;Waudrez;Hainaut;;
7133;Buvrinnes;Hainaut;;
7134;Epinois;Hainaut;;
7134;Leval-Trahegnies;Hainaut;;
7134;Péronnes-Lez-Binche;Hainaut;;
7134;Ressaix;Hainaut;;
7140;Morlanwelz;Hainaut;;
7140;Morlanwelz-Mariemont;Hainaut;;
7141;Carnières;Hainaut;;
7141;Mont-Sainte-Aldegonde;Hainaut;;
7160;Chapelle-Lez-Herlaimont;Hainaut;;
7160;Godarville;Hainaut;;
7160;Piéton;Hainaut;;
7170;Bellecourt;Hainaut;;
7170;Bois-D'haine;Hainaut;;
7170;Fayt-Lez-Manage;Hainaut;;
7170;La Hestre;Hainaut;;
7170;Manage;Hainaut;;
7180;Seneffe;Hainaut;;
7181;Arquennes;Hainaut;;
7181;Familleureux;Hainaut;;
7181;Feluy;Hainaut;;
7181;Petit-Roeulx-Lez-Nivelles;Hainaut;;
7190;Ecaussinnes;Hainaut;;
7190;Ecaussinnes-D'enghien;Hainaut;;
7190;Marche-Lez-Ecaussinnes;Hainaut;;
7191;Ecaussinnes-Lalaing;Hainaut;;
7300;Boussu;Hainaut;;
7301;Hornu;Hainaut;;
7320;Bernissart;Hainaut;;
7321;Blaton;Hainaut;;
7321;Harchies;Hainaut;;
7322;Pommeroeul;Hainaut;;
7322;Ville-Pommeroeul;Hainaut;;
7330;Saint-Ghislain;Hainaut;;
7331;Baudour;Hainaut;;
7332;Neufmaison;Hainaut;;
7332;Sirault;Hainaut;;
7333;Tertre;Hainaut;;
7334;Hautrage;Hainaut;;
7334;Villerot;Hainaut;;
7340;Colfontaine;Hainaut;;
7340;Paturages;Hainaut;;
7340;Warquignies;Hainaut;;
7340;Wasmes;Hainaut;;
7350;Hainin;Hainaut;;
7350;Hensies;Hainaut;;
7350;Montroeul-Sur-Haine;Hainaut;;
7350;Thulin;Hainaut;;
7370;Blaugies;Hainaut;;
7370;Dour;Hainaut;;
7370;Elouges;Hainaut;;
7370;Wihéries;Hainaut;;
7380;Baisieux;Hainaut;;
7380;Quiévrain;Hainaut;;
7382;Audregnies;Hainaut;;
7387;Angre;Hainaut;;
7387;Angreau;Hainaut;;
7387;Athis;Hainaut;;
7387;Autreppe;Hainaut;;
7387;Erquennes;Hainaut;;
7387;Fayt-Le-Franc;Hainaut;;
7387;Honnelles;Hainaut;;
7387;Marchipont;Hainaut;;
7387;Montignies-Sur-Roc;Hainaut;;
7387;Onnezies;Hainaut;;
7387;Roisin;Hainaut;;
7390;Quaregnon;Hainaut;;
7390;Wasmuel;Hainaut;;
7500;Ere;Hainaut;;
7500;Saint-Maur;Hainaut;;
7500;Tournai;Hainaut;;
7501;Orcq;Hainaut;;
7502;Esplechin;Hainaut;;
7503;Froyennes;Hainaut;;
7504;Froidmont;Hainaut;;
7506;Willemeau;Hainaut;;
7520;Ramegnies-Chin;Hainaut;;
7520;Templeuve;Hainaut;;
7521;Chercq;Hainaut;;
7522;Blandain;Hainaut;;
7522;Hertain;Hainaut;;
7522;Lamain;Hainaut;;
7522;Marquain;Hainaut;;
7530;Gaurain-Ramecroix;Hainaut;;
7531;Havinnes;Hainaut;;
7532;Beclers;Hainaut;;
7533;Thimougies;Hainaut;;
7534;Barry;Hainaut;;
7534;Maulde;Hainaut;;
7536;Vaulx;Hainaut;;
7538;Vezon;Hainaut;;
7540;Kain;Hainaut;;
7540;Melles;Hainaut;;
7540;Quartes;Hainaut;;
7540;Rumillies;Hainaut;;
7542;Mont-Saint-Aubert;Hainaut;;
7543;Mourcourt;Hainaut;;
7548;Warchin;Hainaut;;
7600;Péruwelz;Hainaut;;
7601;Roucourt;Hainaut;;
7602;Bury;Hainaut;;
7603;Bon-Secours;Hainaut;;
7604;Baugnies;Hainaut;;
7604;Braffe;Hainaut;;
7604;Brasmenil;Hainaut;;
7604;Callenelle;Hainaut;;
7604;Wasmes-Audemez-Briffoeil;Hainaut;;
7608;Wiers;Hainaut;;
7610;Rumes;Hainaut;;
7611;La Glanerie;Hainaut;;
7618;Taintignies;Hainaut;;
7620;Bléharies;Hainaut;;
7620;Brunehaut;Hainaut;;
7620;Guignies;Hainaut;;
7620;Hollain;Hainaut;;
7620;Jollain-Merlin;Hainaut;;
7620;Wez-Velvain;Hainaut;;
7621;Lesdain;Hainaut;;
7622;Laplaigne;Hainaut;;
7623;Rongy;Hainaut;;
7624;Howardries;Hainaut;;
7640;Antoing;Hainaut;;
7640;Maubray;Hainaut;;
7640;Péronnes-Lez-Antoing;Hainaut;;
7641;Bruyelle;Hainaut;;
7642;Calonne;Hainaut;;
7643;Fontenoy;Hainaut;;
7700;Luingne;Hainaut;;
7700;Mouscron;Hainaut;;
7711;Dottignies;Hainaut;;
7712;Herseaux;Hainaut;;
7730;Bailleul;Hainaut;;
7730;Estaimbourg;Hainaut;;
7730;Estaimpuis;Hainaut;;
7730;Evregnies;Hainaut;;
7730;Leers-Nord;Hainaut;;
7730;Néchin;Hainaut;;
7730;Saint-Léger;Hainaut;;
7740;Pecq;Hainaut;;
7740;Warcoing;Hainaut;;
7742;Hérinnes-Lez-Pecq;Hainaut;;
7743;Esquelmes;Hainaut;;
7743;Obigies;Hainaut;;
7750;Amougies;Hainaut;;
7750;Anseroeul;Hainaut;;
7750;Mont-De-L'enclus;Hainaut;;
7750;Orroir;Hainaut;;
7750;Russeignies;Hainaut;;
7760;Celles;Hainaut;;
7760;Escanaffles;Hainaut;;
7760;Molenbaix;Hainaut;;
7760;Popuelles;Hainaut;;
7760;Pottes;Hainaut;;
7760;Velaines;Hainaut;;
7780;Comines;Hainaut;;
7780;Comines-Warneton;Hainaut;;
7781;Houthem;Hainaut;;
7782;Ploegsteert;Hainaut;;
7783;Bizet;Hainaut;;
7784;Bas-Warneton;Hainaut;;
7784;Warneton;Hainaut;;
7800;Ath;Hainaut;;
7800;Lanquesaint;Hainaut;;
7801;Irchonwelz;Hainaut;;
7802;Ormeignies;Hainaut;;
7803;Bouvignies;Hainaut;;
7804;Ostiches;Hainaut;;
7804;Rebaix;Hainaut;;
7810;Maffle;Hainaut;;
7811;Arbre;Hainaut;;
7812;Houtaing;Hainaut;;
7812;Ligne;Hainaut;;
7812;Mainvault;Hainaut;;
7812;Moulbaix;Hainaut;;
7812;Villers-Notre-Dame;Hainaut;;
7812;Villers-Saint-Amand;Hainaut;;
7822;Ghislenghien;Hainaut;;
7822;Isières;Hainaut;;
7822;Meslin-L'evêque;Hainaut;;
7823;Gibecq;Hainaut;;
7830;Bassilly;Hainaut;;
7830;Fouleng;Hainaut;;
7830;Gondregnies;Hainaut;;
7830;Graty;Hainaut;;
7830;Hellebecq;Hainaut;;
7830;Hoves;Hainaut;;
7830;Silly;Hainaut;;
7830;Thoricourt;Hainaut;;
7850;Enghien;Hainaut;;
7850;Marcq;Hainaut;;
7850;Petit-Enghien;Hainaut;;
7860;Lessines;Hainaut;;
7861;Papignies;Hainaut;;
7861;Wannebecq;Hainaut;;
7862;Ogy;Hainaut;;
7863;Ghoy;Hainaut;;
7864;Deux-Acren;Hainaut;;
7866;Bois-De-Lessines;Hainaut;;
7866;Ollignies;Hainaut;;
7870;Bauffe;Hainaut;;
7870;Cambron-Saint-Vincent;Hainaut;;
7870;Lens;Hainaut;;
7870;Lombise;Hainaut;;
7870;Montignies-Lez-Lens;Hainaut;;
7880;Flobecq;Hainaut;;
7890;Ellezelles;Hainaut;;
7890;Lahamaide;Hainaut;;
7890;Wodecq;Hainaut;;
7900;Grandmetz;Hainaut;;
7900;Leuze-En-Hainaut;Hainaut;;
7901;Thieulain;Hainaut;;
7903;Blicquy;Hainaut;;
7903;Chapelle-À-Oie;Hainaut;;
7903;Chapelle-À-Wattines;Hainaut;;
7904;Pipaix;Hainaut;;
7904;Tourpes;Hainaut;;
7904;Willaupuis;Hainaut;;
7906;Gallaix;Hainaut;;
7910;Anvaing;Hainaut;;
7910;Arc-Wattripont;Hainaut;;
7910;Cordes;Hainaut;;
7910;Ellignies-Lez-Frasnes;Hainaut;;
7910;Forest;Hainaut;;
7910;Frasnes-Lez-Anvaing;Hainaut;;
7910;Wattripont;Hainaut;;
7911;Buissenal;Hainaut;;
7911;Frasnes-Lez-Buissenal;Hainaut;;
7911;Hacquegnies;Hainaut;;
7911;Herquegies;Hainaut;;
7911;Montroeul-Au-Bois;Hainaut;;
7911;Moustier;Hainaut;;
7911;Oeudeghien;Hainaut;;
7912;Dergneau;Hainaut;;
7912;Saint-Sauveur;Hainaut;;
7940;Brugelette;Hainaut;;
7940;Cambron-Casteau;Hainaut;;
7941;Attre;Hainaut;;
7942;Mévergnies-Lez-Lens;Hainaut;;
7943;Gages;Hainaut;;
7950;Chièvres;Hainaut;;
7950;Grosage;Hainaut;;
7950;Huissignies;Hainaut;;
7950;Ladeuze;Hainaut;;
7950;Tongre-Saint-Martin;Hainaut;;
7951;Tongre-Notre-Dame;Hainaut;;
7970;Beloeil;Hainaut;;
7971;Basècles;Hainaut;;
7971;Ramegnies;Hainaut;;
7971;Thumaide;Hainaut;;
7971;Wadelincourt;Hainaut;;
7972;Aubechies;Hainaut;;
7972;Quevaucamps;Hainaut;;
7973;Grandglise;Hainaut;;
7973;Stambruges;Hainaut;;
8000;Brugge;West-Vlaanderen;;
8000;Koolkerke;West-Vlaanderen;;
8020;Hertsberge;West-Vlaanderen;;
8020;Oostkamp;West-Vlaanderen;;
8020;Ruddervoorde;West-Vlaanderen;;
8020;Waardamme;West-Vlaanderen;;
8200;Sint-Andries;West-Vlaanderen;;
8200;Sint-Michiels;West-Vlaanderen;;
8210;Loppem;West-Vlaanderen;;
8210;Veldegem;West-Vlaanderen;;
8210;Zedelgem;West-Vlaanderen;;
8211;Aartrijke;West-Vlaanderen;;
8300;Knokke;West-Vlaanderen;;
8300;Knokke-Heist;West-Vlaanderen;;
8300;Westkapelle;West-Vlaanderen;;
8301;Ramskapelle;West-Vlaanderen;;
8310;Assebroek;West-Vlaanderen;;
8310;Sint-Kruis;West-Vlaanderen;;
8340;Damme;West-Vlaanderen;;
8340;Hoeke;West-Vlaanderen;;
8340;Lapscheure;West-Vlaanderen;;
8340;Moerkerke;West-Vlaanderen;;
8340;Oostkerke;West-Vlaanderen;;
8340;Sijsele;West-Vlaanderen;;
8370;Blankenberge;West-Vlaanderen;;
8370;Uitkerke;West-Vlaanderen;;
8377;Houtave;West-Vlaanderen;;
8377;Meetkerke;West-Vlaanderen;;
8377;Nieuwmunster;West-Vlaanderen;;
8377;Zuienkerke;West-Vlaanderen;;
8380;Dudzele;West-Vlaanderen;;
8380;Lissewege;West-Vlaanderen;;
8380;Zeebrugge;West-Vlaanderen;;
8400;Oostende;West-Vlaanderen;;
8400;Stene;West-Vlaanderen;;
8400;Zandvoorde;West-Vlaanderen;;
8420;De Haan;West-Vlaanderen;;
8420;Klemskerke;West-Vlaanderen;;
8420;Wenduine;West-Vlaanderen;;
8421;Vlissegem;West-Vlaanderen;;
8430;Middelkerke;West-Vlaanderen;;
8431;Wilskerke;West-Vlaanderen;;
8432;Leffinge;West-Vlaanderen;;
8433;Mannekensvere;West-Vlaanderen;;
8433;Schore;West-Vlaanderen;;
8433;Sint-Pieters-Kapelle;West-Vlaanderen;;
8433;Slijpe;West-Vlaanderen;;
8434;Lombardsijde;West-Vlaanderen;;
8434;Westende;West-Vlaanderen;;
8450;Bredene;West-Vlaanderen;;
8460;Ettelgem;West-Vlaanderen;;
8460;Oudenburg;West-Vlaanderen;;
8460;Roksem;West-Vlaanderen;;
8460;Westkerke;West-Vlaanderen;;
8470;Gistel;West-Vlaanderen;;
8470;Moere;West-Vlaanderen;;
8470;Snaaskerke;West-Vlaanderen;;
8470;Zevekote;West-Vlaanderen;;
8480;Bekegem;West-Vlaanderen;;
8480;Eernegem;West-Vlaanderen;;
8480;Ichtegem;West-Vlaanderen;;
8490;Jabbeke;West-Vlaanderen;;
8490;Snellegem;West-Vlaanderen;;
8490;Stalhille;West-Vlaanderen;;
8490;Varsenare;West-Vlaanderen;;
8490;Zerkegem;West-Vlaanderen;;
8500;Kortrijk;West-Vlaanderen;;
8501;Bissegem;West-Vlaanderen;;
8501;Heule;West-Vlaanderen;;
8510;Bellegem;West-Vlaanderen;;
8510;Kooigem;West-Vlaanderen;;
8510;Marke;West-Vlaanderen;;
8510;Rollegem;West-Vlaanderen;;
8511;Aalbeke;West-Vlaanderen;;
8520;Kuurne;West-Vlaanderen;;
8530;Harelbeke;West-Vlaanderen;;
8531;Bavikhove;West-Vlaanderen;;
8531;Hulste;West-Vlaanderen;;
8540;Deerlijk;West-Vlaanderen;;
8550;Zwevegem;West-Vlaanderen;;
8551;Heestert;West-Vlaanderen;;
8552;Moen;West-Vlaanderen;;
8553;Otegem;West-Vlaanderen;;
8554;Sint-Denijs;West-Vlaanderen;;
8560;Gullegem;West-Vlaanderen;;
8560;Moorsele;West-Vlaanderen;;
8560;Wevelgem;West-Vlaanderen;;
8570;Anzegem;West-Vlaanderen;;
8570;Gijzelbrechtegem;West-Vlaanderen;;
8570;Ingooigem;West-Vlaanderen;;
8570;Vichte;West-Vlaanderen;;
8572;Kaster;West-Vlaanderen;;
8573;Tiegem;West-Vlaanderen;;
8580;Avelgem;West-Vlaanderen;;
8581;Kerkhove;West-Vlaanderen;;
8581;Waarmaarde;West-Vlaanderen;;
8582;Outrijve;West-Vlaanderen;;
8583;Bossuit;West-Vlaanderen;;
8587;Espierres;West-Vlaanderen;;
8587;Espierres-Helchin;West-Vlaanderen;;
8587;Helchin;West-Vlaanderen;;
8600;Beerst;West-Vlaanderen;;
8600;Diksmuide;West-Vlaanderen;;
8600;Driekapellen;West-Vlaanderen;;
8600;Esen;West-Vlaanderen;;
8600;Kaaskerke;West-Vlaanderen;;
8600;Keiem;West-Vlaanderen;;
8600;Lampernisse;West-Vlaanderen;;
8600;Leke;West-Vlaanderen;;
8600;Nieuwkapelle;West-Vlaanderen;;
8600;Oostkerke;West-Vlaanderen;;
8600;Oudekapelle;West-Vlaanderen;;
8600;Pervijze;West-Vlaanderen;;
8600;Stuivekenskerke;West-Vlaanderen;;
8600;Vladslo;West-Vlaanderen;;
8600;Woumen;West-Vlaanderen;;
8610;Handzame;West-Vlaanderen;;
8610;Kortemark;West-Vlaanderen;;
8610;Werken;West-Vlaanderen;;
8610;Zarren;West-Vlaanderen;;
8620;Nieuwpoort;West-Vlaanderen;;
8620;Ramskapelle;West-Vlaanderen;;
8620;Sint-Joris;West-Vlaanderen;;
8630;Avekapelle;West-Vlaanderen;;
8630;Booitshoeke;West-Vlaanderen;;
8630;Bulskamp;West-Vlaanderen;;
8630;De Moeren;West-Vlaanderen;;
8630;Eggewaartskapelle;West-Vlaanderen;;
8630;Houtem;West-Vlaanderen;;
8630;Steenkerke;West-Vlaanderen;;
8630;Veurne;West-Vlaanderen;;
8630;Vinkem;West-Vlaanderen;;
8630;Wulveringem;West-Vlaanderen;;
8630;Zoutenaaie;West-Vlaanderen;;
8640;Oostvleteren;West-Vlaanderen;;
8640;Vleteren;West-Vlaanderen;;
8640;Westvleteren;West-Vlaanderen;;
8640;Woesten;West-Vlaanderen;;
8647;Lo;West-Vlaanderen;;
8647;Lo-Reninge;West-Vlaanderen;;
8647;Noordschote;West-Vlaanderen;;
8647;Pollinkhove;West-Vlaanderen;;
8647;Reninge;West-Vlaanderen;;
8650;Houthulst;West-Vlaanderen;;
8650;Klerken;West-Vlaanderen;;
8650;Merkem;West-Vlaanderen;;
8660;Adinkerke;West-Vlaanderen;;
8660;De Panne;West-Vlaanderen;;
8670;Koksijde;West-Vlaanderen;;
8670;Oostduinkerke;West-Vlaanderen;;
8670;Wulpen;West-Vlaanderen;;
8680;Bovekerke;West-Vlaanderen;;
8680;Koekelare;West-Vlaanderen;;
8680;Zande;West-Vlaanderen;;
8690;Alveringem;West-Vlaanderen;;
8690;Hoogstade;West-Vlaanderen;;
8690;Oeren;West-Vlaanderen;;
8690;Sint-Rijkers;West-Vlaanderen;;
8691;Gijverinkhove;West-Vlaanderen;;
8691;Izenberge;West-Vlaanderen;;
8691;Leisele;West-Vlaanderen;;
8691;Stavele;West-Vlaanderen;;
8700;Aarsele;West-Vlaanderen;;
8700;Kanegem;West-Vlaanderen;;
8700;Schuiferskapelle;West-Vlaanderen;;
8700;Tielt;West-Vlaanderen;;
8710;Ooigem;West-Vlaanderen;;
8710;Sint-Baafs-Vijve;West-Vlaanderen;;
8710;Wielsbeke;West-Vlaanderen;;
8720;Dentergem;West-Vlaanderen;;
8720;Markegem;West-Vlaanderen;;
8720;Oeselgem;West-Vlaanderen;;
8720;Wakken;West-Vlaanderen;;
8730;Beernem;West-Vlaanderen;;
8730;Oedelem;West-Vlaanderen;;
8730;Sint-Joris;West-Vlaanderen;;
8740;Egem;West-Vlaanderen;;
8740;Pittem;West-Vlaanderen;;
8750;Wingene;West-Vlaanderen;;
8750;Zwevezele;West-Vlaanderen;;
8755;Ruiselede;West-Vlaanderen;;
8760;Meulebeke;West-Vlaanderen;;
8770;Ingelmunster;West-Vlaanderen;;
8780;Oostrozebeke;West-Vlaanderen;;
8790;Waregem;West-Vlaanderen;;
8791;Beveren;West-Vlaanderen;;
8792;Desselgem;West-Vlaanderen;;
8793;Sint-Eloois-Vijve;West-Vlaanderen;;
8800;Beveren;West-Vlaanderen;;
8800;Oekene;West-Vlaanderen;;
8800;Roeselare;West-Vlaanderen;;
8800;Rumbeke;West-Vlaanderen;;
8810;Lichtervelde;West-Vlaanderen;;
8820;Torhout;West-Vlaanderen;;
8830;Gits;West-Vlaanderen;;
8830;Hooglede;West-Vlaanderen;;
8840;Oostnieuwkerke;West-Vlaanderen;;
8840;Staden;West-Vlaanderen;;
8840;Westrozebeke;West-Vlaanderen;;
8850;Ardooie;West-Vlaanderen;;
8851;Koolskamp;West-Vlaanderen;;
8860;Lendelede;West-Vlaanderen;;
8870;Emelgem;West-Vlaanderen;;
8870;Izegem;West-Vlaanderen;;
8870;Kachtem;West-Vlaanderen;;
8880;Ledegem;West-Vlaanderen;;
8880;Rollegem-Kapelle;West-Vlaanderen;;
8880;Sint-Eloois-Winkel;West-Vlaanderen;;
8890;Dadizele;West-Vlaanderen;;
8890;Moorslede;West-Vlaanderen;;
8900;Brielen;West-Vlaanderen;;
8900;Dikkebus;West-Vlaanderen;;
8900;Ieper;West-Vlaanderen;;
8900;Sint-Jan;West-Vlaanderen;;
8902;Hollebeke;West-Vlaanderen;;
8902;Voormezele;West-Vlaanderen;;
8902;Zillebeke;West-Vlaanderen;;
8904;Boezinge;West-Vlaanderen;;
8904;Zuidschote;West-Vlaanderen;;
8906;Elverdinge;West-Vlaanderen;;
8908;Vlamertinge;West-Vlaanderen;;
8920;Bikschote;West-Vlaanderen;;
8920;Langemark;West-Vlaanderen;;
8920;Langemark-Poelkapelle;West-Vlaanderen;;
8920;Poelkapelle;West-Vlaanderen;;
8930;Lauwe;West-Vlaanderen;;
8930;Menen;West-Vlaanderen;;
8930;Rekkem;West-Vlaanderen;;
8940;Geluwe;West-Vlaanderen;;
8940;Wervik;West-Vlaanderen;;
8950;Heuvelland;West-Vlaanderen;;
8950;Nieuwkerke;West-Vlaanderen;;
8951;Dranouter;West-Vlaanderen;;
8952;Wulvergem;West-Vlaanderen;;
8953;Wijtschate;West-Vlaanderen;;
8954;Westouter;West-Vlaanderen;;
8956;Kemmel;West-Vlaanderen;;
8957;Messines;West-Vlaanderen;;
8958;Loker;West-Vlaanderen;;
8970;Poperinge;West-Vlaanderen;;
8970;Reningelst;West-Vlaanderen;;
8972;Krombeke;West-Vlaanderen;;
8972;Proven;West-Vlaanderen;;
8972;Roesbrugge-Haringe;West-Vlaanderen;;
8978;Watou;West-Vlaanderen;;
8980;Beselare;West-Vlaanderen;;
8980;Geluveld;West-Vlaanderen;;
8980;Passendale;West-Vlaanderen;;
8980;Zandvoorde;West-Vlaanderen;;
8980;Zonnebeke;West-Vlaanderen;;
9000;Gent;Oost-Vlaanderen;;
9030;Mariakerke;Oost-Vlaanderen;;
9031;Drongen;Oost-Vlaanderen;;
9032;Wondelgem;Oost-Vlaanderen;;
9040;Sint-Amandsberg;Oost-Vlaanderen;;
9041;Oostakker;Oost-Vlaanderen;;
9042;Desteldonk;Oost-Vlaanderen;;
9042;Mendonk;Oost-Vlaanderen;;
9042;Sint-Kruis-Winkel;Oost-Vlaanderen;;
9050;Gentbrugge;Oost-Vlaanderen;;
9050;Ledeberg;Oost-Vlaanderen;;
9051;Afsnee;Oost-Vlaanderen;;
9051;Sint-Denijs-Westrem;Oost-Vlaanderen;;
9052;Zwijnaarde;Oost-Vlaanderen;;
9060;Zelzate;Oost-Vlaanderen;;
9070;Destelbergen;Oost-Vlaanderen;;
9070;Heusden;Oost-Vlaanderen;;
9080;Beervelde;Oost-Vlaanderen;;
9080;Lochristi;Oost-Vlaanderen;;
9080;Zaffelare;Oost-Vlaanderen;;
9080;Zeveneken;Oost-Vlaanderen;;
9090;Gontrode;Oost-Vlaanderen;;
9090;Melle;Oost-Vlaanderen;;
9100;Nieuwkerken-Waas;Oost-Vlaanderen;;
9100;Sint-Niklaas;Oost-Vlaanderen;;
9111;Belsele;Oost-Vlaanderen;;
9112;Sinaai-Waas;Oost-Vlaanderen;;
9120;Haasdonk;Oost-Vlaanderen;;
9120;Kallo;Oost-Vlaanderen;;
9120;Melsele;Oost-Vlaanderen;;
9120;Vrasene;Oost-Vlaanderen;;
9130;Doel;Oost-Vlaanderen;;
9130;Kallo;Oost-Vlaanderen;;
9130;Kieldrecht;Oost-Vlaanderen;;
9130;Verrebroek;Oost-Vlaanderen;;
9140;Elversele;Oost-Vlaanderen;;
9140;Steendorp;Oost-Vlaanderen;;
9140;Temse;Oost-Vlaanderen;;
9140;Tielrode;Oost-Vlaanderen;;
9150;Bazel;Oost-Vlaanderen;;
9150;Kruibeke;Oost-Vlaanderen;;
9150;Rupelmonde;Oost-Vlaanderen;;
9160;Daknam;Oost-Vlaanderen;;
9160;Eksaarde;Oost-Vlaanderen;;
9160;Lokeren;Oost-Vlaanderen;;
9170;De Klinge;Oost-Vlaanderen;;
9170;Meerdonk;Oost-Vlaanderen;;
9170;Sint-Gillis-Waas;Oost-Vlaanderen;;
9170;Sint-Pauwels;Oost-Vlaanderen;;
9180;Moerbeke-Waas;Oost-Vlaanderen;;
9185;Wachtebeke;Oost-Vlaanderen;;
9190;Kemzeke;Oost-Vlaanderen;;
9190;Stekene;Oost-Vlaanderen;;
9200;Appels;Oost-Vlaanderen;;
9200;Baasrode;Oost-Vlaanderen;;
9200;Dendermonde;Oost-Vlaanderen;;
9200;Grembergen;Oost-Vlaanderen;;
9200;Mespelare;Oost-Vlaanderen;;
9200;Oudegem;Oost-Vlaanderen;;
9200;Schoonaarde;Oost-Vlaanderen;;
9200;Sint-Gillis-Dendermonde;Oost-Vlaanderen;;
9220;Hamme;Oost-Vlaanderen;;
9220;Moerzeke;Oost-Vlaanderen;;
9230;Massemen;Oost-Vlaanderen;;
9230;Westrem;Oost-Vlaanderen;;
9230;Wetteren;Oost-Vlaanderen;;
9240;Zele;Oost-Vlaanderen;;
9250;Waasmunster;Oost-Vlaanderen;;
9255;Buggenhout;Oost-Vlaanderen;;
9255;Opdorp;Oost-Vlaanderen;;
9260;Schellebelle;Oost-Vlaanderen;;
9260;Serskamp;Oost-Vlaanderen;;
9260;Wichelen;Oost-Vlaanderen;;
9270;Kalken;Oost-Vlaanderen;;
9270;Laarne;Oost-Vlaanderen;;
9280;Denderbelle;Oost-Vlaanderen;;
9280;Lebbeke;Oost-Vlaanderen;;
9280;Wieze;Oost-Vlaanderen;;
9290;Berlare;Oost-Vlaanderen;;
9290;Overmere;Oost-Vlaanderen;;
9290;Uitbergen;Oost-Vlaanderen;;
9300;Aalst;Oost-Vlaanderen;;
9308;Gijzegem;Oost-Vlaanderen;;
9308;Hofstade;Oost-Vlaanderen;;
9310;Baardegem;Oost-Vlaanderen;;
9310;Herdersem;Oost-Vlaanderen;;
9310;Meldert;Oost-Vlaanderen;;
9310;Moorsel;Oost-Vlaanderen;;
9320;Erembodegem;Oost-Vlaanderen;;
9320;Nieuwerkerken;Oost-Vlaanderen;;
9340;Impe;Oost-Vlaanderen;;
9340;Lede;Oost-Vlaanderen;;
9340;Oordegem;Oost-Vlaanderen;;
9340;Smetlede;Oost-Vlaanderen;;
9340;Wanzele;Oost-Vlaanderen;;
9400;Appelterre-Eichem;Oost-Vlaanderen;;
9400;Denderwindeke;Oost-Vlaanderen;;
9400;Lieferinge;Oost-Vlaanderen;;
9400;Nederhasselt;Oost-Vlaanderen;;
9400;Ninove;Oost-Vlaanderen;;
9400;Okegem;Oost-Vlaanderen;;
9400;Voorde;Oost-Vlaanderen;;
9401;Pollare;Oost-Vlaanderen;;
9402;Meerbeke;Oost-Vlaanderen;;
9403;Neigem;Oost-Vlaanderen;;
9404;Aspelare;Oost-Vlaanderen;;
9406;Outer;Oost-Vlaanderen;;
9420;Aaigem;Oost-Vlaanderen;;
9420;Bambrugge;Oost-Vlaanderen;;
9420;Burst;Oost-Vlaanderen;;
9420;Erondegem;Oost-Vlaanderen;;
9420;Erpe;Oost-Vlaanderen;;
9420;Erpe-Mere;Oost-Vlaanderen;;
9420;Mere;Oost-Vlaanderen;;
9420;Ottergem;Oost-Vlaanderen;;
9450;Denderhoutem;Oost-Vlaanderen;;
9450;Haaltert;Oost-Vlaanderen;;
9450;Heldergem;Oost-Vlaanderen;;
9451;Kerksken;Oost-Vlaanderen;;
9470;Denderleeuw;Oost-Vlaanderen;;
9472;Iddergem;Oost-Vlaanderen;;
9473;Welle;Oost-Vlaanderen;;
9500;Geraardsbergen;Oost-Vlaanderen;;
9500;Goeferdinge;Oost-Vlaanderen;;
9500;Moerbeke;Oost-Vlaanderen;;
9500;Nederboelare;Oost-Vlaanderen;;
9500;Onkerzele;Oost-Vlaanderen;;
9500;Ophasselt;Oost-Vlaanderen;;
9500;Overboelare;Oost-Vlaanderen;;
9500;Viane;Oost-Vlaanderen;;
9500;Zarlardinge;Oost-Vlaanderen;;
9506;Grimminge;Oost-Vlaanderen;;
9506;Idegem;Oost-Vlaanderen;;
9506;Nieuwenhove;Oost-Vlaanderen;;
9506;Schendelbeke;Oost-Vlaanderen;;
9506;Smeerebbe-Vloerzegem;Oost-Vlaanderen;;
9506;Waarbeke;Oost-Vlaanderen;;
9506;Zandbergen;Oost-Vlaanderen;;
9520;Bavegem;Oost-Vlaanderen;;
9520;Oombergen;Oost-Vlaanderen;;
9520;Sint-Lievens-Houtem;Oost-Vlaanderen;;
9520;Vlierzele;Oost-Vlaanderen;;
9520;Zonnegem;Oost-Vlaanderen;;
9521;Letterhoutem;Oost-Vlaanderen;;
9550;Herzele;Oost-Vlaanderen;;
9550;Hillegem;Oost-Vlaanderen;;
9550;Sint-Antelinks;Oost-Vlaanderen;;
9550;Sint-Lievens-Esse;Oost-Vlaanderen;;
9550;Steenhuize-Wijnhuize;Oost-Vlaanderen;;
9550;Woubrechtegem;Oost-Vlaanderen;;
9551;Ressegem;Oost-Vlaanderen;;
9552;Borsbeke;Oost-Vlaanderen;;
9570;Deftinge;Oost-Vlaanderen;;
9570;Lierde;Oost-Vlaanderen;;
9570;Sint-Maria-Lierde;Oost-Vlaanderen;;
9571;Hemelveerdegem;Oost-Vlaanderen;;
9572;Sint-Martens-Lierde;Oost-Vlaanderen;;
9600;Renaix;Oost-Vlaanderen;;
9620;Elene;Oost-Vlaanderen;;
9620;Erwetegem;Oost-Vlaanderen;;
9620;Godveerdegem;Oost-Vlaanderen;;
9620;Grotenberge;Oost-Vlaanderen;;
9620;Leeuwergem;Oost-Vlaanderen;;
9620;Oombergen;Oost-Vlaanderen;;
9620;Sint-Goriks-Oudenhove;Oost-Vlaanderen;;
9620;Sint-Maria-Oudenhove;Oost-Vlaanderen;;
9620;Strijpen;Oost-Vlaanderen;;
9620;Velzeke-Ruddershove;Oost-Vlaanderen;;
9620;Zottegem;Oost-Vlaanderen;;
9630;Beerlegem;Oost-Vlaanderen;;
9630;Dikkele;Oost-Vlaanderen;;
9630;Hundelgem;Oost-Vlaanderen;;
9630;Meilegem;Oost-Vlaanderen;;
9630;Munkzwalm;Oost-Vlaanderen;;
9630;Paulatem;Oost-Vlaanderen;;
9630;Roborst;Oost-Vlaanderen;;
9630;Rozebeke;Oost-Vlaanderen;;
9630;Sint-Blasius-Boekel;Oost-Vlaanderen;;
9630;Sint-Denijs-Boekel;Oost-Vlaanderen;;
9630;Sint-Maria-Latem;Oost-Vlaanderen;;
9630;Zwalm;Oost-Vlaanderen;;
9636;Nederzwalm-Hermelgem;Oost-Vlaanderen;;
9660;Brakel;Oost-Vlaanderen;;
9660;Elst;Oost-Vlaanderen;;
9660;Everbeek;Oost-Vlaanderen;;
9660;Michelbeke;Oost-Vlaanderen;;
9660;Nederbrakel;Oost-Vlaanderen;;
9660;Opbrakel;Oost-Vlaanderen;;
9660;Sint-Maria-Oudenhove;Oost-Vlaanderen;;
9660;Zegelsem;Oost-Vlaanderen;;
9661;Parike;Oost-Vlaanderen;;
9667;Horebeke;Oost-Vlaanderen;;
9667;Sint-Kornelis-Horebeke;Oost-Vlaanderen;;
9667;Sint-Maria-Horebeke;Oost-Vlaanderen;;
9680;Etikhove;Oost-Vlaanderen;;
9680;Maarke-Kerkem;Oost-Vlaanderen;;
9680;Maarkedal;Oost-Vlaanderen;;
9681;Nukerke;Oost-Vlaanderen;;
9688;Schorisse;Oost-Vlaanderen;;
9690;Berchem;Oost-Vlaanderen;;
9690;Kluisbergen;Oost-Vlaanderen;;
9690;Kwaremont;Oost-Vlaanderen;;
9690;Ruien;Oost-Vlaanderen;;
9690;Zulzeke;Oost-Vlaanderen;;
9700;Bevere;Oost-Vlaanderen;;
9700;Edelare;Oost-Vlaanderen;;
9700;Eine;Oost-Vlaanderen;;
9700;Ename;Oost-Vlaanderen;;
9700;Heurne;Oost-Vlaanderen;;
9700;Leupegem;Oost-Vlaanderen;;
9700;Mater;Oost-Vlaanderen;;
9700;Melden;Oost-Vlaanderen;;
9700;Mullem;Oost-Vlaanderen;;
9700;Nederename;Oost-Vlaanderen;;
9700;Ooike;Oost-Vlaanderen;;
9700;Oudenaarde;Oost-Vlaanderen;;
9700;Volkegem;Oost-Vlaanderen;;
9700;Welden;Oost-Vlaanderen;;
9750;Huise;Oost-Vlaanderen;;
9750;Ouwegem;Oost-Vlaanderen;;
9750;Zingem;Oost-Vlaanderen;;
9770;Kruishoutem;Oost-Vlaanderen;;
9771;Nokere;Oost-Vlaanderen;;
9772;Wannegem-Lede;Oost-Vlaanderen;;
9790;Elsegem;Oost-Vlaanderen;;
9790;Moregem;Oost-Vlaanderen;;
9790;Ooike;Oost-Vlaanderen;;
9790;Petegem-Aan-De-Schelde;Oost-Vlaanderen;;
9790;Wortegem;Oost-Vlaanderen;;
9790;Wortegem-Petegem;Oost-Vlaanderen;;
9800;Astene;Oost-Vlaanderen;;
9800;Bachte-Maria-Leerne;Oost-Vlaanderen;;
9800;Deinze;Oost-Vlaanderen;;
9800;Gottem;Oost-Vlaanderen;;
9800;Grammene;Oost-Vlaanderen;;
9800;Meigem;Oost-Vlaanderen;;
9800;Petegem-Aan-De-Leie;Oost-Vlaanderen;;
9800;Sint-Martens-Leerne;Oost-Vlaanderen;;
9800;Vinkt;Oost-Vlaanderen;;
9800;Wontergem;Oost-Vlaanderen;;
9800;Zeveren;Oost-Vlaanderen;;
9810;Eke;Oost-Vlaanderen;;
9810;Nazareth;Oost-Vlaanderen;;
9820;Bottelare;Oost-Vlaanderen;;
9820;Lemberge;Oost-Vlaanderen;;
9820;Melsen;Oost-Vlaanderen;;
9820;Merelbeke;Oost-Vlaanderen;;
9820;Munte;Oost-Vlaanderen;;
9820;Schelderode;Oost-Vlaanderen;;
9830;Sint-Martens-Latem;Oost-Vlaanderen;;
9831;Deurle;Oost-Vlaanderen;;
9840;De Pinte;Oost-Vlaanderen;;
9840;Zevergem;Oost-Vlaanderen;;
9850;Hansbeke;Oost-Vlaanderen;;
9850;Landegem;Oost-Vlaanderen;;
9850;Merendree;Oost-Vlaanderen;;
9850;Nevele;Oost-Vlaanderen;;
9850;Poesele;Oost-Vlaanderen;;
9850;Vosselare;Oost-Vlaanderen;;
9860;Balegem;Oost-Vlaanderen;;
9860;Gijzenzele;Oost-Vlaanderen;;
9860;Landskouter;Oost-Vlaanderen;;
9860;Moortsele;Oost-Vlaanderen;;
9860;Oosterzele;Oost-Vlaanderen;;
9860;Scheldewindeke;Oost-Vlaanderen;;
9870;Machelen;Oost-Vlaanderen;;
9870;Olsene;Oost-Vlaanderen;;
9870;Zulte;Oost-Vlaanderen;;
9880;Aalter;Oost-Vlaanderen;;
9880;Lotenhulle;Oost-Vlaanderen;;
9880;Poeke;Oost-Vlaanderen;;
9881;Bellem;Oost-Vlaanderen;;
9890;Baaigem;Oost-Vlaanderen;;
9890;Dikkelvenne;Oost-Vlaanderen;;
9890;Gavere;Oost-Vlaanderen;;
9890;Vurste;Oost-Vlaanderen;;
9900;Eeklo;Oost-Vlaanderen;;
9910;Knesselare;Oost-Vlaanderen;;
9910;Ursel;Oost-Vlaanderen;;
9920;Lovendegem;Oost-Vlaanderen;;
9921;Vinderhoute;Oost-Vlaanderen;;
9930;Zomergem;Oost-Vlaanderen;;
9931;Oostwinkel;Oost-Vlaanderen;;
9932;Ronsele;Oost-Vlaanderen;;
9940;Ertvelde;Oost-Vlaanderen;;
9940;Evergem;Oost-Vlaanderen;;
9940;Kluizen;Oost-Vlaanderen;;
9940;Sleidinge;Oost-Vlaanderen;;
9950;Waarschoot;Oost-Vlaanderen;;
9960;Assenede;Oost-Vlaanderen;;
9961;Boekhoute;Oost-Vlaanderen;;
9968;Bassevelde;Oost-Vlaanderen;;
9968;Oosteeklo;Oost-Vlaanderen;;
9970;Kaprijke;Oost-Vlaanderen;;
9971;Lembeke;Oost-Vlaanderen;;
9980;Sint-Laureins;Oost-Vlaanderen;;
9981;Sint-Margriete;Oost-Vlaanderen;;
9982;Sint-Jan-In-Eremo;Oost-Vlaanderen;;
9988;Waterland-Oudeman;Oost-Vlaanderen;;
9988;Watervliet;Oost-Vlaanderen;;
9990;Maldegem;Oost-Vlaanderen;;
9991;Adegem;Oost-Vlaanderen;;
9992;Middelburg;Oost-Vlaanderen;;